t,neuron
11,7000
11.6,2350
11.6,8900
11.7,5850
11.8,1700
11.8,2300
11.8,3950
11.8,7100
11.9,4500
11.9,8800
12,2200
12,2650
12,4400
12,4650
12.1,3400
12.1,5350
12.1,7800
12.1,7950
12.2,3100
12.2,8650
12.2,9200
12.3,250
12.4,150
12.4,1400
12.4,2500
12.4,2750
12.4,3250
12.4,3550
12.4,5150
12.4,6300
12.4,8950
12.5,1050
12.5,1200
12.5,1350
12.5,1750
12.5,2150
12.5,4600
12.5,7850
12.6,2950
12.6,4050
12.6,6850
12.6,7200
12.6,9450
12.7,2050
12.7,2550
12.7,2700
12.7,7450
12.7,8000
12.7,9800
12.8,500
12.8,900
12.8,1000
12.8,4250
12.8,5800
12.8,8350
12.8,9150
12.9,3200
12.9,3300
12.9,5300
12.9,6900
12.9,9250
13,50
13,850
13,3700
13,5650
13,5900
13,6550
13,8250
13,9300
13,9850
13.1,100
13.1,400
13.1,1450
13.1,3150
13.1,5950
13.1,6200
13.1,6500
13.1,6750
13.1,7050
13.1,7400
13.2,1900
13.2,3050
13.2,4950
13.2,8200
13.2,9600
13.3,750
13.3,6700
13.3,9400
13.4,1250
13.4,2250
13.4,2900
13.4,3750
13.4,4300
13.4,5250
13.4,7900
13.4,9700
13.5,4150
13.5,5450
13.5,6650
13.8,2600
13.8,2850
13.8,4450
13.8,7250
13.8,9000
13.9,1150
13.9,7650
14,4350
14.3,8850
16.5,7550
17.6,8750
17.8,8050
18.3,550
18.5,6100
18.7,4900
19,4600
19.2,9750
19.5,9050
19.6,8600
19.7,7850
19.8,7750
19.9,9500
20.1,1300
20.2,5750
20.4,3650
20.5,1800
20.7,9400
20.9,9550
21.2,2800
21.2,6700
21.3,450
21.3,3900
21.3,7400
21.4,4450
21.4,4950
21.4,6600
21.6,2900
21.9,8100
22,1750
22,6800
22,7250
22.1,900
22.1,7600
22.3,50
22.3,6900
22.4,3700
22.8,8400
22.9,500
22.9,6300
23,6500
23,7300
23,8550
23.2,1650
23.2,7650
23.3,6650
23.4,2200
23.4,5000
23.5,9600
23.6,200
23.6,4000
23.6,4150
23.6,4550
23.7,8250
23.8,350
23.8,7150
23.9,2600
23.9,2950
23.9,5650
24,1600
24,5700
24,6950
24,9100
24.1,2150
24.1,4300
24.2,2400
24.4,6850
24.6,2050
24.6,4350
24.6,5350
24.8,4200
24.8,4500
24.8,7700
24.9,850
25.1,6750
25.2,8700
25.5,750
25.6,3050
25.7,100
25.8,8300
25.8,8800
25.9,2500
26,3550
26,9300
27.3,8150
28,1050
28,7050
28.1,9800
28.5,5150
28.7,8750
28.9,1000
29,2750
29.3,150
29.5,5800
29.6,7800
29.7,3300
29.7,8850
29.8,3200
29.8,5850
29.8,9050
30,5100
30.1,1800
30.1,8600
30.3,3800
30.4,5950
30.5,3900
30.5,5450
30.5,7200
30.5,7450
30.6,1900
30.7,7900
30.8,3750
31,7550
31.1,2850
31.1,5900
31.1,7850
31.3,3450
31.4,4600
31.5,4950
32.1,1300
32.1,5250
32.1,6450
32.1,9850
32.2,5050
32.5,1750
32.6,2800
32.6,5200
32.7,8350
32.8,550
32.8,8900
32.9,4500
33,5500
33.2,3400
33.3,3850
33.4,4800
33.5,8500
33.7,1250
33.9,9700
34,1450
34.1,3000
34.1,3700
34.6,7250
34.7,3650
35.1,9450
35.4,7000
36,6100
36,7300
36.1,350
36.1,900
36.1,8000
36.2,200
36.2,6700
36.3,7650
36.4,8550
36.6,4750
36.7,5350
36.8,1400
36.9,4850
37,5000
37.1,2200
37.1,8450
37.2,800
37.3,6350
37.4,9400
37.5,2950
37.5,4050
37.5,6300
37.6,1350
37.6,1850
37.7,2400
37.7,3100
37.9,1700
38.1,0
38.2,1950
38.2,4300
38.3,2500
38.6,2050
38.6,4200
38.6,8800
38.7,7750
38.8,7950
39,3550
39.5,500
39.6,8050
39.6,9500
39.7,4650
39.8,9100
39.9,7900
40,1800
40.1,8750
40.2,450
40.5,750
40.6,9050
40.6,9850
41.3,8400
41.4,5650
41.4,8600
41.5,1150
41.5,9950
41.7,550
41.8,6600
41.9,9150
42.1,7050
42.6,5450
42.7,7550
42.7,8100
42.8,7600
43.2,4350
43.3,100
43.3,8200
43.3,8250
43.5,2850
43.7,6750
44,3050
44.1,3750
44.1,5750
44.2,1300
44.2,5700
44.2,6450
44.2,9300
44.3,4250
44.4,7850
44.5,1050
44.6,9650
45,4900
45,5400
45,5800
45.3,4800
45.7,4400
45.8,200
45.8,3600
45.8,8150
46,9800
46.2,4550
46.7,7650
46.8,1800
47,2150
47,2950
47.1,5100
47.1,6550
47.2,3900
47.3,8700
47.4,5000
47.5,9100
47.6,1650
47.7,1450
48.3,6800
48.4,6500
48.6,7900
48.6,8300
48.7,1000
48.7,2750
48.7,4850
49,2450
49,5850
49.4,1900
49.5,6850
49.6,4000
49.7,4450
49.8,4950
50,7300
50.1,850
50.2,5500
50.2,6900
50.6,3700
50.6,8550
50.7,8250
50.9,1750
50.9,5250
50.9,8750
51,3200
51,3650
51,6200
51.1,2350
51.1,7450
51.4,5350
51.4,7250
51.4,7750
51.5,3100
51.6,8050
51.7,5950
52,2800
52.2,8400
52.3,950
52.5,250
52.5,450
52.5,9450
52.7,2400
52.9,1250
52.9,7150
52.9,7700
53,5650
53,6950
53.1,4200
53.2,4600
53.2,6100
53.2,9050
53.4,8150
53.4,9550
53.5,9850
53.6,4300
53.8,8900
53.8,9750
53.9,9350
54,8350
54.1,5200
54.1,9500
54.2,7050
54.3,2000
54.3,5900
54.4,5150
54.4,9600
54.6,5100
54.7,7550
54.8,2650
54.8,5600
54.9,600
54.9,2050
54.9,7000
55.4,3300
55.4,6300
55.5,750
55.6,3750
55.8,4350
56,4500
56,9700
56.1,1300
56.3,50
56.5,9400
57,1000
57,6500
57.1,7250
57.1,8800
57.2,2300
57.2,8000
57.3,1100
57.4,1800
57.4,8950
57.5,150
57.5,6550
57.7,5300
57.7,7600
57.8,1050
57.8,6450
58.1,200
58.2,1700
58.4,2200
58.4,3550
58.4,5000
58.4,5050
58.6,550
59.1,8450
59.1,9300
59.2,5750
59.6,2500
59.8,6800
59.8,8600
60.9,7650
61.5,100
61.6,7850
61.7,8750
61.8,9250
62,2800
62.3,4650
62.3,8300
62.4,1950
62.4,9800
62.5,0
62.6,3700
62.9,2100
63,7300
63.2,8550
63.3,4950
63.5,2950
63.5,5650
63.5,8700
63.6,3150
63.6,4450
63.9,1600
64,2600
64,8200
64.1,5350
64.4,900
64.4,5250
64.4,5800
64.4,8950
64.6,300
64.7,500
64.7,4500
64.8,3900
64.8,4800
64.8,7200
65,9850
65.1,6600
65.5,550
65.5,2050
65.6,5150
65.8,3050
65.9,2900
65.9,7950
66,6650
66,9100
66.1,4300
66.1,7450
66.1,9050
66.2,4700
66.2,6750
66.3,1750
66.3,4550
66.3,7400
66.4,1000
66.4,3400
66.5,1450
66.6,3200
66.7,2850
66.7,7000
66.7,7800
66.8,1800
67,350
67,8850
67.2,2700
67.2,6350
67.4,1900
67.4,4200
67.4,5850
67.4,7550
67.6,8150
67.7,3100
67.7,4400
67.8,5700
67.8,7600
67.9,7250
68,750
68.1,5200
68.3,1350
69,8050
69.4,8800
69.5,7050
69.6,4150
69.6,7900
69.8,6450
70.5,8000
70.6,3300
70.6,3750
70.6,5500
70.7,9300
70.9,9450
71.2,1300
71.4,450
71.5,200
71.5,3450
71.7,8350
71.8,1650
71.8,6100
71.8,7650
71.8,7750
71.9,50
71.9,4600
71.9,8100
72.1,4850
72.4,4750
72.4,5050
72.5,2750
72.5,4000
72.6,3850
72.6,5450
72.6,5800
72.6,8600
72.7,3000
72.8,2400
72.8,5950
72.9,5000
73.1,4250
73.1,8400
73.2,2150
73.2,7850
73.3,100
73.3,1150
73.3,1400
73.3,2800
73.3,4300
73.3,9150
73.4,5100
73.4,6750
73.5,150
73.5,6300
73.8,8550
74,4350
74,8250
74.2,6900
74.2,7700
74.3,350
74.7,1800
74.7,8650
74.9,8750
75.4,5650
75.8,5350
75.9,3550
76.3,6150
76.8,850
77.6,5900
77.8,9750
77.9,9850
78,4500
78.1,4950
78.2,300
78.2,8700
78.5,2850
78.7,8450
78.9,5250
78.9,7550
79,4650
79.3,5700
79.6,3700
79.7,6800
79.8,1050
79.8,7300
80.1,7250
80.4,550
80.4,5200
80.6,9050
80.6,9800
80.9,7600
81.1,1000
81.2,3650
81.4,500
81.5,2200
81.6,2500
81.6,8150
81.7,5750
81.7,7050
81.8,5100
82,1250
82,6950
82.1,1750
82.1,3050
82.1,9950
82.2,5500
82.3,1300
82.5,4550
82.6,3600
82.6,4600
82.6,8300
82.7,3900
82.9,5650
82.9,8550
83.2,1600
83.3,7800
83.4,1400
83.4,5800
83.5,2650
83.7,6700
83.7,8350
83.7,9100
83.8,7650
84.2,7950
84.3,600
84.5,1700
84.5,5400
84.6,6850
84.7,3000
84.8,8050
84.9,4250
84.9,9500
85,4750
85,6500
85,8200
85.1,8400
85.1,9300
85.2,2450
85.2,3100
85.2,5350
85.3,2950
85.3,4000
85.3,9250
85.4,4200
85.5,200
85.5,350
85.5,2900
85.5,3750
85.5,4300
85.7,1950
85.9,6650
86.3,4050
86.3,7000
86.7,8800
87.5,4850
88.2,550
89.2,2050
89.5,9600
89.9,2000
90.2,100
90.4,9050
90.6,8700
90.9,750
91.4,7400
91.5,2800
91.6,4400
91.6,5600
91.6,7900
91.7,8750
91.8,6450
91.9,2150
91.9,7300
92,7250
92.2,1800
92.3,1150
92.3,3300
92.3,3700
92.3,4600
92.5,4450
92.5,6550
92.6,7450
92.7,150
92.8,7850
92.9,4800
92.9,4950
92.9,5450
92.9,7050
93.2,1050
93.3,3200
93.6,1250
93.7,9450
93.8,50
93.8,3900
93.8,7650
93.9,0
94,2850
94.1,2950
94.2,1900
94.4,7600
94.6,500
94.6,5500
94.7,6300
94.8,1650
94.9,1000
94.9,1750
94.9,7700
95,4850
95,8150
95.1,4200
95.1,6350
95.1,6650
95.2,3650
95.3,2750
95.3,3050
95.3,8350
95.4,1950
95.4,2200
95.5,4500
95.8,6800
96,5650
96.1,8900
96.2,650
96.2,1450
96.2,8450
96.2,8500
96.3,3850
96.3,7550
96.4,4350
96.4,7750
96.4,8600
96.5,8250
96.6,8300
96.7,8100
96.8,5950
96.9,3750
96.9,7000
97,2600
97.1,850
97.2,6100
97.4,9300
97.5,5850
97.7,5700
97.7,8850
97.8,1300
97.9,6750
98,8550
98.1,5100
98.9,5350
99.5,5200
99.6,9400
99.8,4300
99.8,9800
100,3550
100.2,6600
100.7,3400
100.7,7150
100.9,4550
100.9,9850
101.1,8950
101.1,9500
101.2,250
101.4,9550
101.6,200
101.6,4000
101.6,5250
101.6,9150
101.8,8000
101.9,8400
102.2,6150
102.3,900
102.4,6050
102.5,2450
102.7,6500
103.1,8350
103.5,4650
103.5,5800
103.5,9700
103.6,5000
103.8,2050
103.8,3200
104,3700
104.1,7250
104.1,7300
104.1,9950
104.4,1800
104.5,7050
104.6,6900
104.8,5150
104.8,7650
105,5650
105.1,100
105.2,8200
105.3,8800
105.4,3900
105.4,5750
105.4,9000
105.7,9100
105.8,750
106.4,3100
106.5,4600
106.6,7550
106.7,1850
106.7,4700
107,4250
107.2,9050
107.3,1400
107.5,1700
107.5,4350
107.5,8050
107.6,3050
107.6,7200
107.6,7950
107.7,1050
107.7,1450
107.8,850
108,7800
108.1,5900
108.1,8750
108.3,9300
108.4,2800
108.6,4400
108.6,6300
108.7,3000
108.8,7850
108.8,8700
108.9,350
109.1,3650
109.3,1250
109.4,5200
109.5,7600
109.6,8150
109.6,8900
109.9,2300
110,1000
110,1750
110.1,900
110.2,1350
110.3,4200
110.4,6550
110.5,550
110.6,6750
110.8,2000
110.8,6400
110.9,2500
111.1,9450
111.5,1300
111.7,2050
111.9,4300
112,8550
112.4,5800
113.5,5350
113.5,8600
113.9,2400
114.2,2550
114.3,8000
114.4,9800
114.5,6700
114.7,3700
114.7,4800
114.8,7100
115.1,2750
115.1,8300
115.2,6450
115.5,3900
115.6,3750
115.7,7700
116.3,6850
116.4,3300
116.4,6100
116.7,9750
116.8,5850
117,1650
117.2,7650
117.3,7600
117.4,2950
117.4,5650
117.5,4450
117.6,3650
117.6,4950
117.7,7000
117.8,1550
117.8,5000
118,5450
118.1,1800
118.1,7050
118.2,3600
118.6,1750
118.6,5150
118.6,6800
118.7,6600
118.9,4500
119,450
119.1,8800
119.3,50
119.3,200
119.3,4900
119.3,5100
119.3,7450
119.3,9150
119.4,1150
119.4,5700
119.5,2150
119.8,650
119.8,2850
119.8,8600
119.9,4850
119.9,8350
120,3100
120.1,5050
120.2,550
120.2,9100
120.4,100
120.5,5950
120.6,750
120.6,8250
120.7,5250
120.8,3550
120.8,5800
120.8,9850
120.9,7250
121,4200
121.1,3050
121.1,7200
121.2,7550
121.3,2800
121.7,3200
121.7,6750
121.7,9450
121.8,9200
121.9,4050
121.9,7400
121.9,7950
122,900
122,8750
122.1,6500
122.1,9250
122.3,500
122.4,6650
122.5,6900
122.5,8550
122.6,4600
122.8,7300
122.9,1050
122.9,1100
122.9,3400
123,8500
123.1,5200
123.1,5500
123.1,7850
123.4,9050
123.6,2000
123.6,4650
123.7,1300
123.7,9300
124,4550
124.2,1900
124.2,8700
124.4,2500
124.5,7900
124.7,3700
125.1,6300
125.4,9800
125.5,1000
125.7,1450
126,2200
126,3850
126.7,5650
127,4950
127.2,1400
127.3,4500
127.4,1350
127.6,9950
127.7,6450
128.1,850
128.3,5350
128.4,1600
128.6,4350
129,350
129,8950
129.2,9500
129.3,1800
129.3,4250
129.4,8400
129.7,3650
129.7,4000
129.7,9600
129.8,6100
129.8,7800
130,150
130,6550
130,8150
130.7,5150
130.8,1750
130.8,9850
130.9,2350
130.9,6700
131,8450
131.2,5800
131.2,9050
131.3,4300
131.3,4800
131.4,8300
131.5,5000
131.6,7650
131.6,8600
131.8,2800
132,8100
132.2,2900
132.2,5950
132.3,1250
132.3,1300
132.3,2050
132.4,750
132.4,7600
132.4,9450
132.8,300
132.9,1950
132.9,2550
133.4,8800
133.7,3600
133.8,1050
134.3,3700
134.3,5850
134.6,2750
134.7,5700
134.8,7250
135,3450
135.1,6650
135.2,6600
135.2,8250
135.2,8550
135.2,8750
135.3,8900
135.4,250
135.4,4400
135.5,50
135.5,3900
135.5,5250
135.5,5750
135.5,9300
135.5,9750
135.6,8000
135.7,1100
135.7,7050
135.7,9700
135.8,7550
135.9,2650
135.9,5600
136,3200
136.1,2950
136.1,6750
136.1,6800
136.1,7300
136.3,550
136.5,7750
136.6,2100
136.7,1000
136.8,5900
136.9,7850
137,4950
137.1,2850
137.2,9400
137.6,3050
137.6,6200
137.7,850
137.8,4050
137.8,7900
137.9,0
137.9,5350
138,2600
138.1,4200
138.1,4750
138.3,4100
138.5,6300
139,6450
139.1,500
139.1,8050
139.2,5650
139.2,7650
139.3,2200
139.4,200
139.6,7000
139.9,3300
139.9,5100
139.9,6500
140,3750
140,9550
140.2,4450
140.3,9100
140.4,4650
140.4,6900
140.4,9800
140.5,600
140.5,5450
140.6,3100
140.7,1150
140.7,1800
140.7,9150
140.7,9250
140.8,8700
140.9,100
141.1,2500
141.1,8350
141.2,1300
141.2,1400
141.3,8400
141.4,4500
141.4,6950
141.9,4300
141.9,4800
142.3,5800
142.8,3550
143,350
143.5,1450
143.8,5200
144,4600
144.5,4000
144.9,2900
145,8300
145.3,3650
145.4,800
145.4,2050
145.5,1700
145.5,4350
145.6,1900
145.6,4550
145.7,7700
145.8,1750
145.9,5050
146.1,8200
146.1,9350
146.3,7900
146.3,8650
146.4,8150
146.5,2150
146.5,5950
146.6,7800
146.8,4850
146.9,7550
147.1,3000
147.1,3900
147.3,1250
147.6,8800
147.7,2400
148,8600
148.4,7300
148.5,5000
148.5,7950
148.8,9050
148.9,1000
148.9,6650
148.9,9300
149,5350
149,7450
149.1,5250
149.1,5800
149.1,8550
149.2,4950
149.3,1800
149.3,1850
149.3,8950
149.6,2800
149.6,9800
149.7,9450
149.8,2650
149.9,1150
150.5,5650
150.8,2450
151,900
151,7150
151.9,8250
152.3,3700
152.3,7600
152.4,2000
152.4,5750
152.4,6850
152.4,8750
152.5,50
152.5,350
152.5,550
152.5,9850
152.6,2950
152.9,5700
153.1,150
153.1,4250
153.4,3600
153.6,7250
153.6,9100
153.8,8850
153.9,5100
153.9,8000
154,7650
154,8400
154.1,3200
154.2,3100
154.2,8350
154.5,1350
154.7,3300
154.9,4450
155.2,9950
155.3,1650
155.3,5500
155.3,8700
155.4,100
155.4,4500
155.4,6150
155.4,6450
155.5,450
155.5,500
155.5,8450
155.6,4150
155.6,4400
155.6,4800
155.6,5000
155.6,6100
155.7,2800
155.7,5400
155.8,200
155.8,6300
156.1,1300
156.1,5450
156.1,9500
156.2,1400
156.2,1700
156.3,5600
156.4,5800
156.5,5200
156.6,4350
156.6,6750
156.8,4200
156.9,750
157,1000
157.2,4600
157.9,5850
158.5,3750
158.9,2750
159.3,7950
159.3,9550
159.6,8500
159.8,5150
159.8,7050
159.9,9600
160.1,7750
160.2,3650
160.2,8300
160.4,7550
160.9,7900
161,4750
161.1,8550
161.1,8600
161.3,8900
161.3,9750
161.4,5350
161.5,650
161.5,9700
161.6,2850
161.7,6600
161.7,6700
161.8,1450
161.8,4000
161.8,9450
161.9,5950
161.9,7850
162.2,9800
162.3,3450
162.4,1950
162.4,4650
162.4,4950
162.6,4300
162.6,5800
162.7,1750
162.7,3900
162.8,7400
163,7300
163.1,4700
163.2,8050
163.4,5650
163.5,2950
163.7,6900
163.8,4600
163.9,2500
164,8750
164.4,1600
164.4,7700
164.4,9400
164.7,6050
164.8,1250
165.2,6800
165.3,4850
165.3,7650
165.4,5050
165.7,7000
165.7,8150
165.8,3400
166.4,850
166.5,7600
166.7,7250
167,4200
167.2,3050
167.3,2200
167.3,2900
167.4,1800
167.4,6300
167.7,2400
167.7,7450
167.7,8250
167.7,8350
167.9,6550
167.9,7800
168.3,200
168.3,8450
168.5,9250
168.8,5700
169.3,1300
169.5,3550
169.6,4900
169.7,3700
170,6100
170,6500
170,6750
170.1,7050
170.4,2800
170.5,100
170.5,4500
170.7,9850
171,500
171,4650
171.2,300
171.2,7300
171.3,8600
171.4,2050
171.4,6850
171.4,8550
171.5,1550
171.5,5800
171.8,900
171.9,9300
172.1,1100
172.4,5350
172.7,9050
172.8,8000
172.9,8200
173.2,4050
173.3,6350
173.4,1000
173.4,5000
173.5,5900
173.7,2850
174,8100
174.1,8800
174.2,1450
174.3,4250
174.3,4800
174.4,7650
174.5,1050
174.5,2750
174.5,5950
174.5,6600
174.5,7700
174.5,8400
174.7,1700
174.7,2650
174.7,9450
174.9,5850
175,0
175,1150
175,8750
175.1,5450
175.3,3300
175.4,5650
175.5,8850
175.6,5750
175.9,4450
176.1,450
176.1,7950
176.2,2500
176.2,5500
176.2,8500
176.3,550
176.3,2600
176.3,2700
176.4,7550
176.6,1300
176.8,7850
176.9,6450
177,7600
177.1,9100
177.4,3200
177.4,9150
177.5,1650
177.5,3100
177.6,2450
178.2,4400
178.5,4300
178.5,9950
178.6,3650
179.1,4350
179.1,8150
179.2,9200
179.5,1800
179.5,5100
179.7,750
179.8,1950
180.1,5150
180.2,1850
180.2,8300
180.3,4950
180.3,6650
180.4,7450
180.4,8350
180.5,3750
180.6,8050
180.7,50
180.7,1750
180.7,6950
181,5350
181.2,8550
181.4,3550
181.5,7250
181.6,4550
181.7,3900
181.7,4600
181.8,2300
181.8,3050
181.8,9500
181.9,9800
182,5600
182.1,2050
182.2,4000
182.5,2150
182.6,8450
182.7,5200
182.8,600
182.8,5250
182.9,6800
183,8950
183.1,6750
183.1,7900
183.2,1900
183.2,4200
183.2,6300
183.4,7050
183.6,1000
183.6,4650
183.7,200
183.7,6200
183.7,9400
183.8,3700
183.8,7000
183.8,9850
183.9,150
183.9,350
183.9,8800
184,4500
184,5800
184,6900
184.1,5400
184.2,8700
184.4,4750
184.6,900
184.7,8750
184.8,7650
184.9,100
185,4850
185.1,1250
185.1,5700
185.1,9700
185.2,9050
185.2,9300
185.3,2800
185.5,7550
185.7,5750
185.9,7300
186.1,3600
186.1,8400
186.2,0
186.6,7600
186.8,2550
187.7,8050
187.8,5350
188,1350
188.1,5000
188.3,3400
188.4,5650
188.6,1300
188.6,2950
188.9,1400
188.9,6100
189,1450
189.5,550
189.5,3100
189.5,8000
189.5,9600
189.6,2200
189.6,3850
189.6,4100
189.6,7200
189.6,7750
189.7,2100
189.7,2900
189.7,5100
189.8,8350
189.8,8600
189.8,8900
190,4300
190.3,5900
190.4,8850
190.5,3000
190.5,3200
190.5,7850
190.6,8550
190.8,850
191,9450
191.1,5500
191.2,2750
191.2,4000
191.2,8250
191.9,5800
191.9,5950
192.3,4350
192.5,1750
193,250
193.8,1800
194.3,4200
194.5,9050
194.8,2350
194.8,9300
194.9,4800
195,5150
195.1,4450
195.2,5450
195.3,1050
195.3,4900
195.8,2850
195.9,4950
195.9,7700
195.9,9750
196.1,6450
196.1,7950
196.4,4500
196.4,5700
196.4,6900
196.5,2450
196.6,5650
196.6,5850
196.6,7100
196.9,4600
197.1,5200
197.2,450
197.2,6700
197.2,7250
197.3,6550
197.4,5600
197.4,9000
197.5,500
197.5,7850
197.5,9500
197.5,9800
197.6,1650
197.6,6300
197.6,8400
197.8,5050
197.8,7650
197.8,8250
197.8,9250
197.9,4150
197.9,8750
198,3700
198.1,3900
198.1,8300
198.2,2400
198.2,8500
198.2,9100
198.2,9850
198.4,3650
198.6,6600
198.6,7900
198.6,8700
198.7,750
198.7,1250
198.7,3050
198.7,3300
198.8,1900
198.8,7300
198.8,7550
199,100
199.1,150
199.1,6500
199.1,6800
199.2,9550
199.3,4550
199.3,5350
199.3,7050
199.7,1000
199.9,650
200,200
200,6950
200,8150
200.2,1150
200.3,2000
200.6,5300
200.6,8050
200.7,1600
200.7,9050
200.8,5650
201,9600
201.4,2200
201.5,3100
201.5,4300
201.7,2600
202,8800
202.7,8350
203,4000
203,7650
203.2,1750
203.3,2500
203.6,3750
203.8,4050
204.1,8600
204.2,2800
204.2,5500
204.3,3200
204.4,7000
204.5,4350
204.5,9450
204.7,2650
204.7,4400
204.7,7450
204.9,5750
205.3,5000
205.3,6750
205.7,7800
205.8,2050
205.9,350
205.9,1800
205.9,7600
206.2,2950
206.2,3550
206.3,900
206.3,6100
206.4,6650
206.6,550
206.6,8400
206.7,1850
207.1,1700
207.1,8000
207.1,9150
207.3,1000
207.3,1950
207.3,5800
207.3,6600
207.3,9800
207.4,4800
207.4,8550
207.8,250
207.8,5250
207.9,7550
208,1300
208.3,5100
208.3,7250
208.6,6200
209,6300
209.3,600
209.3,5150
209.4,450
209.8,6850
210,2200
210,5350
210.2,9100
210.4,8200
210.5,1450
210.5,3900
210.6,7750
210.8,7850
211,8750
211.1,100
211.2,4450
211.4,7950
211.6,200
211.6,7300
211.7,1150
211.7,4200
211.9,7150
212,4950
212.2,2850
212.3,800
212.3,850
212.3,6450
212.3,7050
212.4,8350
212.5,2900
212.5,4250
212.8,1400
213.2,9700
213.6,7650
213.8,1050
213.8,9050
213.8,9300
214,3300
214.2,150
214.3,1100
214.3,1250
214.3,5000
214.3,8300
214.4,4300
214.7,4850
214.8,8650
214.9,6750
214.9,6900
215,50
215,1000
215,4750
215.1,3200
215.1,5950
215.1,8150
215.2,350
215.2,1200
215.3,3050
215.5,5050
215.7,2750
215.7,6150
215.8,5650
216.1,3600
216.1,8700
216.3,5750
216.4,550
216.4,3650
216.5,3850
216.5,6800
216.6,2550
216.8,1650
216.8,7450
217,750
217,2450
217,7600
217,9500
217.1,1750
217.1,1800
217.1,3700
217.1,9850
217.2,2600
217.2,5200
217.2,7900
217.2,9550
217.3,3450
217.4,8500
217.6,8800
217.8,3000
217.8,5800
218.1,8900
218.3,8600
218.5,7000
218.7,0
218.7,4900
218.8,7200
219,5700
219.4,7800
219.7,2400
220.1,3550
221.2,4650
221.2,6300
221.5,2950
221.9,1600
221.9,4500
221.9,4550
221.9,8850
222.4,3400
222.4,7700
223,6700
223,8550
223.1,8750
223.2,2800
223.2,6100
223.3,8400
223.3,9050
223.4,4350
223.4,5850
223.5,450
223.5,8250
223.6,8050
223.9,8450
224.1,6550
224.2,1300
224.2,5350
224.4,4150
224.7,5000
224.8,1250
224.9,50
225,100
225,6950
225.1,9800
225.7,5100
225.7,9950
226,5150
226.1,3700
226.1,5650
226.1,9450
226.2,2700
226.2,5600
226.2,7650
226.3,6350
226.3,7850
226.4,4200
226.4,4300
226.4,8100
226.5,5900
226.6,3650
226.6,6600
226.8,1750
226.9,7550
227,7250
227,8600
227,8950
227.2,3100
227.2,8350
227.4,6750
227.6,2200
227.6,7950
227.6,9150
227.7,1800
227.8,500
227.8,2850
227.8,6450
227.9,7050
228.1,4950
228.2,4800
228.3,9100
228.4,2150
228.5,5950
228.6,200
228.6,400
228.6,5200
228.7,4600
228.7,6150
228.9,2500
228.9,8550
229.2,1700
229.3,2950
229.3,3300
229.3,5450
229.4,350
229.4,3900
229.6,1450
230,850
230,9850
230.1,3050
230.2,900
230.3,1900
230.4,4500
230.5,7900
231,150
231,9750
231.1,5800
231.1,7600
231.4,8800
231.5,5350
231.7,1150
231.7,4850
231.8,6900
231.9,2350
232,2550
232.2,1000
232.2,7000
232.4,5700
232.5,550
232.5,2650
232.7,1350
232.7,3550
232.7,5100
232.8,8300
232.9,6800
233,6500
233.3,1950
233.3,2050
233.3,2750
233.3,8700
233.5,7300
233.9,5750
233.9,8150
234,1050
234.4,4450
234.5,100
234.7,7250
234.8,3200
234.8,4750
235.1,1400
235.4,7550
235.5,9300
236.1,9700
236.2,9400
236.5,3000
236.5,3700
236.5,3750
236.5,9050
236.7,8750
236.8,4400
236.8,7650
236.9,2900
236.9,3100
236.9,5500
237,9600
237.1,3900
237.2,750
237.2,6300
237.3,2000
237.4,4700
237.6,7750
237.9,2800
238.7,5650
239,5050
239.3,1300
239.3,5400
239.3,5950
239.3,8550
239.7,7050
240.1,9450
240.2,2400
240.3,6700
240.4,4000
240.4,8200
240.5,7200
240.6,8600
241,3650
241.2,2950
241.2,6550
241.2,8050
241.2,8500
241.4,0
241.4,4200
241.8,3600
241.8,6600
241.9,4550
241.9,7850
242.1,2300
242.2,1750
242.2,6750
242.3,1550
242.6,4500
242.7,4650
242.7,6100
242.8,8150
242.9,7450
243,1600
243,6200
243,7950
243.1,1800
243.1,4050
243.1,4300
243.1,8400
243.1,8900
243.2,3850
243.2,4250
243.2,5250
243.2,8000
243.3,1850
243.3,5350
243.3,8850
243.4,2450
243.4,8800
243.5,1250
243.5,5850
243.6,4100
243.6,4450
243.6,8250
243.7,2100
243.7,2500
243.7,4350
243.7,5650
243.7,6950
243.7,7300
243.7,9500
243.8,2200
243.8,7400
243.8,9400
243.9,600
244,4900
244.1,1000
244.1,4850
244.1,9850
244.2,6450
244.3,5150
244.4,8100
244.7,8350
244.8,200
244.8,5800
245,2850
245.1,6650
245.4,7650
245.5,50
245.9,5000
246.7,6850
246.8,9300
247.1,350
247.2,450
247.2,9800
247.4,4950
247.4,8550
247.6,7100
247.7,4600
247.7,7250
247.9,3300
248.1,1450
248.2,1900
248.3,7600
248.3,9050
248.4,8450
248.6,1050
248.8,3700
249.1,1300
249.2,5950
249.4,4800
249.4,9100
249.5,7000
249.6,7950
249.7,8300
249.8,850
249.8,7700
249.9,8700
250,5200
250.1,3000
250.3,650
250.4,8750
250.6,5500
251.2,3100
251.5,3050
251.5,7650
251.8,6300
252.3,100
252.4,6500
252.5,6800
252.6,7550
252.7,1750
252.7,3900
253,6400
253,7050
253.1,6900
253.3,5350
253.4,1800
253.4,7300
253.5,1950
253.6,550
253.6,4500
253.6,5650
253.6,9550
253.7,4300
253.7,7900
253.8,500
253.8,9450
253.9,3650
253.9,3750
254.1,5100
254.2,3400
254.2,4850
254.2,8600
254.3,1650
254.3,5150
254.3,9150
254.7,3550
254.8,8250
254.9,750
254.9,900
255,3200
255,9500
255.2,9850
255.5,150
255.5,7850
255.6,4950
255.8,250
255.8,5900
256,4200
256,8900
256.1,1000
256.1,5800
256.1,9750
256.2,1300
256.3,6100
256.3,7800
256.5,8500
256.6,1850
256.6,9250
256.7,200
256.7,1250
257,8750
257.3,2400
257.4,8400
257.5,1150
257.5,3700
257.5,4400
257.6,8800
257.7,9050
257.8,2950
257.8,7250
258.3,8350
258.6,950
258.6,4250
258.6,5700
258.7,8200
258.8,600
258.9,2050
259.2,4350
259.2,5450
259.2,9950
259.4,2800
259.6,8850
259.7,7000
259.8,2850
259.8,6300
260,6750
260.2,3150
260.6,8550
260.9,7450
261.5,4300
261.8,6600
262.4,5050
262.8,5000
262.9,3300
263,8150
263.1,4750
263.4,2750
263.8,5350
264.1,7050
264.2,6350
264.3,1100
264.3,2500
264.3,8000
264.3,8600
264.3,9650
264.4,450
264.4,3850
264.4,4450
264.4,5250
264.6,7750
264.6,9800
264.7,2550
264.8,1000
264.8,5750
265,1050
265,7550
265.1,2850
265.3,5200
265.3,6700
265.4,8650
265.6,4150
265.6,7650
265.6,8100
265.8,5650
265.8,7900
265.9,4400
266,7600
266.4,1800
266.5,100
266.5,1450
266.5,2700
266.5,9300
266.8,50
266.8,3400
267,4200
267,5850
267.2,9100
267.5,500
267.5,2900
267.7,1600
267.8,4800
268.1,4000
268.2,5800
268.3,6800
268.4,1750
268.4,7300
268.5,550
268.5,2050
268.5,2650
268.6,8750
268.7,3700
269.1,2950
269.1,4650
269.2,7950
269.2,9050
269.6,850
269.6,3200
269.6,3900
269.6,7700
269.7,8050
269.7,8800
269.7,9450
269.8,7200
269.9,9750
270,800
270,8300
270.1,6450
270.1,7000
270.3,4950
270.7,4600
270.7,6750
270.8,3550
270.8,3750
271.1,1400
271.1,1700
271.1,4500
271.1,6500
271.1,8550
271.2,1900
271.2,5600
271.5,5400
271.7,5950
271.7,7850
272,3650
272,4850
272.4,5350
272.5,6850
272.5,8350
272.8,900
273,2200
273.2,9850
273.3,3100
273.3,3600
273.3,8700
273.5,1150
273.5,7800
273.8,200
273.8,5650
274,1550
274.1,350
274.1,6050
274.2,150
274.4,3050
274.4,4300
274.4,5150
274.5,7650
274.6,1000
274.6,7900
274.7,1300
274.7,1350
274.7,4550
274.7,5700
275.3,450
275.3,5500
275.3,7450
275.4,6150
275.4,9600
275.5,7050
275.6,6450
275.7,2150
275.7,8600
275.8,7250
275.9,2750
275.9,6300
275.9,9150
276,8400
276.3,1250
276.3,9500
276.4,750
276.4,2800
276.5,3000
276.5,6100
276.6,4250
276.6,5100
276.6,8500
276.7,2850
276.9,1800
276.9,3300
276.9,6950
277,8550
277.1,850
277.1,9700
277.4,8750
277.5,5450
277.8,8950
278.1,7300
278.1,8450
279.1,5800
279.3,4950
279.4,9250
279.5,7000
279.6,8200
280.3,6900
280.6,100
280.6,9050
280.8,5000
281.1,2050
281.4,2450
281.4,5050
281.5,5200
281.5,5700
281.9,4050
281.9,9800
282,1750
282,7600
282.2,6650
282.8,8250
282.9,5750
283,2650
283,7750
283.1,6800
283.3,6750
283.5,1050
283.5,4300
283.5,9350
283.7,550
283.7,1450
283.8,4350
283.9,8800
284.2,3700
284.2,4650
284.3,7950
284.5,5850
284.5,5950
284.5,9100
284.6,7550
284.8,1650
284.9,7150
285,2400
285,3900
285,5350
285.1,5650
285.4,6600
285.4,8050
285.5,6550
285.7,8350
285.8,7400
286.1,300
286.3,500
286.3,7650
286.4,4400
286.4,8150
286.5,3650
286.6,8550
286.6,8700
286.8,9550
286.9,0
286.9,3550
286.9,4000
287.3,1000
287.3,4750
287.4,200
287.5,1300
287.6,2500
287.7,4500
287.9,6350
288.3,4200
288.5,9300
288.6,900
288.6,1850
288.6,4450
288.6,6850
288.8,3750
288.9,9600
289.1,1800
289.4,7850
289.5,1400
290.2,7250
290.3,7450
290.5,6300
290.7,2800
291,9450
291.3,8300
291.6,7000
291.8,5900
292,9800
292.5,9850
292.6,50
292.6,3400
292.8,3850
292.8,8750
292.9,650
293,4550
293,4850
293.1,2350
293.2,1700
293.2,9050
293.4,2950
293.4,5250
293.4,7200
293.4,8000
293.6,1900
293.8,2850
293.9,350
293.9,4800
294,6500
294.1,5100
294.2,3000
294.3,100
294.3,850
294.3,1250
294.4,200
294.4,7550
294.6,1500
294.6,7300
294.8,6700
295.1,550
295.1,3200
295.3,1450
295.3,5450
295.5,2000
295.6,9500
295.9,1750
295.9,5350
295.9,5650
295.9,7050
296.1,150
296.3,5150
296.3,9300
296.4,5600
296.8,7650
296.9,3050
297.2,8250
297.4,8600
297.5,2200
297.5,9950
297.6,8850
297.9,4950
297.9,6100
298,4300
298,6600
298,6750
298,8400
298.4,5800
298.7,5000
298.7,8300
298.8,1800
298.8,2900
298.9,4250
298.9,8550
299.1,6650
299.7,3650
300.1,8900
300.3,3900
300.3,7850
300.6,4350
300.7,3700
300.7,6450
300.7,8000
300.8,9100
301,3300
301,4650
301,6800
301.1,3100
301.1,8800
301.2,1000
301.3,750
301.9,4600
302,250
302,5500
302.5,450
302.6,7800
303.4,1100
303.6,1300
303.6,2050
303.6,2750
303.6,7050
303.6,9250
303.7,7950
303.8,3750
303.9,1250
303.9,4800
304,9050
304,9550
304.1,8050
304.2,7000
304.3,2950
304.3,8200
304.3,9800
304.4,1150
304.4,6900
304.4,6950
304.5,1050
304.5,1950
304.5,2400
304.5,7550
304.5,7900
304.6,950
304.6,8450
304.7,600
304.7,800
304.7,7600
304.7,9400
304.9,500
304.9,5300
305,9850
305.4,2500
305.4,7250
305.7,8950
305.8,3250
305.9,5700
306,5100
306,7300
306.1,1600
306.1,1800
306.1,2800
306.1,4200
306.1,8700
306.1,9450
306.2,550
306.2,3600
306.2,5650
306.4,4500
306.6,3450
306.6,5200
306.7,4950
306.7,5350
306.7,8350
307.1,5950
307.3,2550
307.6,9150
307.7,2300
307.9,5850
308.7,5800
308.8,8250
308.9,3650
309,5400
309.1,1700
309.1,8150
309.1,8400
309.5,5750
309.5,6300
309.7,100
309.9,3550
310.1,5000
310.2,3200
310.2,8750
310.3,2450
310.4,4100
310.4,7850
310.9,2650
310.9,8550
310.9,9750
311.2,850
311.2,8600
311.3,4300
311.5,6200
311.6,7650
311.8,6750
312.1,9700
312.2,5600
312.4,9350
312.7,1450
312.9,4400
312.9,7200
312.9,8800
313.1,4000
313.5,1000
313.7,1650
313.7,3400
313.7,4050
313.8,3150
313.9,0
313.9,7150
314.1,500
314.1,2500
314.3,3700
314.4,350
314.7,4650
314.8,200
314.8,1750
314.9,7700
315,7450
315.2,7600
315.3,3000
315.5,5150
315.6,9450
315.8,1400
316,1050
316.1,2100
316.1,6450
316.4,1900
316.4,7250
316.4,8500
316.6,1850
317,5650
317.1,3100
317.1,4450
317.1,5250
317.1,6500
317.1,8100
317.3,7300
317.5,50
317.5,4250
317.5,4850
317.5,8750
317.5,9400
317.6,3300
317.6,9500
317.7,2200
317.8,8850
318.1,4500
318.1,5200
318.3,900
318.3,6550
318.4,2900
318.4,8150
318.6,550
318.6,3850
318.6,3900
319,2800
319,2950
319,6100
319,7050
319.1,7550
319.7,9800
319.8,3050
319.9,7750
319.9,8000
319.9,9050
320,5950
320,9300
320.1,1800
320.1,4350
320.1,8200
320.3,1300
320.3,7800
320.4,1700
320.4,8300
320.6,5850
320.6,7900
320.7,8700
320.7,9750
320.9,4200
321,8350
321.3,6900
321.6,1600
321.9,2500
322.1,5350
322.2,6300
322.2,6350
322.2,7950
322.2,8600
322.4,850
322.6,8550
322.9,450
323,5500
323,5700
323.1,1250
323.2,2400
323.5,5650
323.8,7000
323.9,3350
324,8250
324,8900
324.4,7400
324.5,3750
324.6,750
324.6,2850
324.7,3200
324.7,8400
324.9,5450
325,5800
325.4,7300
325.5,1050
325.8,1800
326.3,7850
326.5,5000
326.5,8050
326.6,9100
326.7,7650
327.2,6800
327.4,6700
327.5,1750
328,6150
328.1,650
328.4,500
328.4,4550
328.5,2750
328.6,550
328.8,2450
328.8,7700
328.9,1300
328.9,7050
329,3650
329.2,4950
329.2,6600
329.3,4400
329.3,4800
329.4,4200
329.6,100
329.8,3700
329.8,5050
329.8,8300
329.9,4900
330,4350
330.1,1150
330.1,9800
330.2,3300
330.2,4850
330.2,7600
330.2,9050
330.3,150
330.3,8150
330.4,1000
330.5,0
330.5,350
330.5,5100
330.6,4750
330.8,4000
330.8,9200
331,6750
331,8750
331.1,5200
331.1,8950
331.2,5850
331.2,8650
331.4,2800
331.5,6950
331.7,200
331.7,5150
331.9,3400
332.2,2650
332.2,5350
332.9,3550
332.9,7550
334,9450
334.3,6850
334.4,9750
334.5,7250
334.7,4250
334.9,4300
335.1,4500
335.6,5800
335.7,400
335.7,7950
335.7,8350
335.9,8550
335.9,9850
336,1450
336,7650
336.1,8200
336.2,7750
336.2,8600
336.3,1750
336.6,6650
336.8,8800
336.9,3600
337,1100
337.1,5400
337.1,9300
337.2,5000
337.3,1800
337.6,1650
337.6,4000
337.7,6300
337.8,2700
337.8,9150
338,900
338.1,1400
338.1,3100
338.2,2050
338.3,1050
338.5,5650
338.6,1950
338.6,8250
338.7,3650
338.7,3700
338.8,3900
338.8,4450
338.8,8400
338.9,2900
338.9,3750
338.9,5450
339.1,3050
339.2,4600
339.2,5900
339.4,6900
339.5,750
339.5,8750
339.6,5750
339.7,1000
339.9,8050
340,8500
340.3,5500
340.6,7850
340.7,9050
340.9,2600
340.9,2850
341,9250
341.1,1300
341.2,8150
341.3,9550
341.5,1250
341.6,6450
341.6,9350
341.7,6100
341.8,9100
341.9,2800
341.9,5150
341.9,5950
341.9,7800
342,8450
342.1,1350
342.3,5300
342.3,6500
342.6,7000
342.8,9800
343.2,5250
343.4,50
343.4,2750
343.4,8000
343.5,4150
343.7,850
343.8,8550
343.8,9450
343.9,4650
344,1800
344.1,7900
344.2,100
344.5,6750
344.7,5700
344.8,450
344.8,7250
344.9,8300
346.1,350
346.3,1900
346.5,5100
346.5,6600
346.6,5650
346.6,7450
346.7,2200
346.8,4850
346.9,600
347.2,4200
347.2,7400
347.2,7550
347.5,7650
347.6,5850
347.6,9500
347.7,4300
347.7,9950
347.8,300
347.8,2950
347.8,4500
347.9,2550
348,4800
348.3,2400
348.3,5000
348.5,7300
348.5,9300
348.6,1750
348.7,8800
348.7,9850
348.9,2350
349,4950
349.3,3050
349.3,5800
349.4,1700
349.6,7700
349.7,6400
349.8,5350
349.9,5200
349.9,9700
350,800
350.1,6800
350.1,8350
350.2,1000
350.2,8700
350.3,550
350.8,2050
351,2000
351.2,4350
351.5,3200
351.5,6950
351.5,9750
351.7,4450
351.7,7600
352,1300
352.3,2150
352.3,7050
352.4,3000
352.5,6350
352.5,8750
352.8,3750
352.8,6700
352.9,750
352.9,8400
353.2,3700
353.4,9050
353.5,900
353.6,6750
353.8,6300
354,0
354,6450
354.2,200
354.4,1450
354.5,2850
354.6,6650
355.2,3300
355.3,8950
355.4,4400
355.5,50
355.5,6850
355.6,2500
356.2,1250
356.2,8050
356.5,4550
356.5,5700
356.8,4000
356.9,150
356.9,1400
357.1,3550
357.2,3900
357.2,9450
357.6,1800
357.8,5500
357.9,7200
357.9,7550
358,550
358,4300
358.2,500
358.4,4950
359,2900
359.5,5650
360,2750
360.3,3100
360.4,6550
360.4,6600
360.7,4750
360.8,4050
360.8,7850
360.9,4200
361,850
361,3050
361,7600
361,8200
361.1,5600
361.2,7900
361.3,3650
361.4,4650
361.7,5050
361.7,8100
361.9,8800
362,9500
362.1,6500
362.2,4250
362.4,8000
362.4,8900
362.6,250
362.6,1950
362.7,7150
362.8,1600
362.8,8600
362.9,7950
363,2800
363,4500
363,5800
363,7000
363.1,100
363.1,450
363.1,6750
363.1,7650
363.1,8350
363.2,1850
363.2,7750
363.3,5450
363.3,8550
363.4,1050
363.4,5150
363.4,8250
363.6,2950
363.7,3700
363.8,6200
363.9,2300
363.9,5000
363.9,5950
364,1300
364,2450
364.1,9800
364.2,4850
364.3,5100
364.7,7250
364.8,900
364.8,9300
364.9,1750
365.1,1100
365.1,6800
365.2,4350
365.4,3750
365.5,750
365.5,9950
365.6,2600
365.7,2650
365.8,1000
366,8750
366.1,4950
366.1,6100
366.1,6450
366.1,8300
366.1,8400
366.2,5350
366.4,7300
366.7,3300
366.9,7450
367,9050
367.1,7700
367.3,1800
367.5,8500
367.7,1650
367.9,7800
367.9,8150
368,3400
368.6,7050
368.7,2500
368.7,9850
369.1,3200
369.1,8350
369.2,200
369.4,2200
369.4,3600
369.9,1450
370,5650
370.1,5850
370.2,50
370.3,3450
370.6,1150
370.7,4600
370.8,8550
370.9,1250
371.1,600
371.2,5700
371.3,7400
371.3,8450
371.5,350
371.5,9700
371.8,1900
371.9,550
372,4800
372,6550
372.1,6850
372.1,9600
372.2,500
372.2,5350
372.6,5500
372.7,5200
372.7,5250
372.8,7850
373.4,5750
373.5,4150
373.6,4650
373.7,3900
373.8,9100
373.9,100
374,3000
374,5800
374.2,4200
374.6,2050
374.6,5900
374.6,7650
374.8,9550
374.9,400
374.9,6300
374.9,7950
374.9,9250
375,3650
375,4300
375,6750
375.2,1700
375.2,2800
375.3,150
375.4,4900
375.5,2400
375.6,4350
375.7,6900
375.7,7300
375.7,7900
375.8,4500
375.8,9750
375.9,1350
376.1,4400
376.2,2000
376.2,7250
376.2,8050
376.3,2850
376.4,8600
376.4,8850
376.5,0
376.5,2550
376.5,2750
376.9,9450
377,1750
377.1,7050
377.1,8400
377.2,5000
377.2,6950
377.2,8750
377.7,1400
377.7,1800
377.7,5050
377.8,8800
377.8,9800
377.9,2100
378.5,7600
379.4,7550
379.7,1550
379.9,8250
380.3,850
380.4,7750
380.6,4450
381,3100
381,3700
381.2,5650
381.3,8700
381.4,7000
381.5,5150
382,8550
382.1,350
382.1,8150
382.1,8350
382.1,9850
382.2,4950
382.2,5350
382.4,5600
382.5,4250
382.6,1300
382.6,1500
382.7,3750
382.7,4800
382.7,5100
382.7,6650
383,1600
383,2700
383.1,300
383.1,5400
383.2,2900
383.2,5950
383.3,7200
383.3,7450
383.4,200
383.4,4100
383.4,4750
383.6,1050
383.6,4850
383.8,2950
383.9,2150
384,8600
384.1,5450
384.1,5700
384.3,550
384.4,4600
384.5,6850
385,2600
385,5300
385.3,4350
385.4,450
385.6,6750
386.2,6600
386.3,9050
386.5,6100
386.8,6450
387.3,5800
387.6,8800
387.7,1000
387.8,2800
387.9,8450
388,1800
388,7700
388.1,6800
388.2,8000
388.2,9300
388.4,150
388.7,1400
388.7,4400
388.7,8650
388.8,4500
388.8,9700
389.1,3550
389.2,9500
389.3,8050
389.6,2350
389.7,1650
389.7,3050
389.7,5200
389.7,8750
389.8,2050
390,100
390.1,9100
390.2,2550
390.2,3400
390.2,3650
390.2,7950
390.3,800
390.3,6150
390.3,8500
390.4,8200
390.5,900
390.5,6300
390.5,8300
390.6,9750
390.7,4550
390.7,7250
390.9,3600
390.9,9800
391.1,3300
391.1,5350
391.1,6350
391.2,3900
391.3,1250
391.3,1450
391.3,2200
391.3,3200
391.4,5500
391.4,7600
391.4,7650
391.6,4050
391.8,4000
391.8,4300
392.1,8950
392.2,7900
392.5,5950
392.7,750
392.7,8400
392.8,8250
392.9,1750
392.9,6500
393.1,650
393.2,9450
393.3,2500
393.3,9400
393.5,8550
394.3,7050
394.6,5900
394.6,7550
394.6,9950
394.8,2650
394.8,5650
394.8,7150
394.9,7300
394.9,8700
395,4200
395,8100
395,8150
395.4,350
395.4,5850
395.9,1350
396,2850
396,4950
396.3,7850
396.6,1700
396.6,1800
396.6,9050
396.7,2300
396.8,7750
396.9,1900
397,5600
397.3,4150
397.3,5000
397.4,3700
397.7,1950
397.7,9800
397.9,3100
398,5250
398.1,1100
398.2,6700
398.3,500
398.4,50
398.6,5750
399.2,2000
399.2,2400
399.5,5800
399.6,6200
399.7,4850
399.8,850
399.8,7800
399.8,8900
399.9,1000
399.9,5350
400.3,8350
400.6,600
400.6,7250
400.7,1200
400.7,1850
400.8,9150
400.9,8750
401,7600
401.1,200
401.1,1300
401.1,5700
401.1,9000
401.2,9850
401.3,6100
401.3,7200
401.3,8850
401.4,1400
401.4,2200
401.5,5500
401.5,9450
401.9,2750
401.9,6450
402,150
402,6750
402,6900
402.4,1450
402.4,2450
402.4,2950
402.4,4750
402.4,5150
402.5,6300
402.6,1050
402.6,1750
402.6,3750
402.6,4650
402.6,7650
402.7,3000
402.8,7000
402.9,8600
403.1,1150
403.1,9550
403.4,4600
403.5,1600
403.6,2850
403.8,1650
403.8,1800
403.9,1250
403.9,3900
403.9,4050
404,3650
404.2,2900
404.3,8550
404.7,2800
404.8,5650
404.8,7850
405,3550
405.2,5950
405.3,550
405.3,5450
405.3,9750
405.5,5000
405.8,100
405.8,7300
406.1,750
406.1,7950
406.2,5100
406.2,5200
406.2,9500
406.4,4100
406.4,4250
407.2,450
407.2,6600
407.3,1700
407.4,8400
407.5,7400
407.8,3700
408.1,4300
408.3,2600
408.4,3150
408.8,8300
409.1,6800
409.2,9100
409.3,50
409.6,3400
409.8,4350
409.8,8150
409.8,9300
409.9,1300
409.9,4450
410,1750
410,7050
410.1,5800
410.2,4200
410.2,9850
410.4,8950
410.7,2050
410.9,6950
410.9,8350
411,350
411.1,5600
411.1,7900
411.3,1050
411.5,1000
411.5,1900
411.5,5300
411.6,2550
411.7,3600
411.7,8100
411.7,8250
411.7,8750
411.8,3200
411.9,9450
412,2500
412,4800
412,5050
412,8800
412.1,3300
412.2,6650
412.4,7650
412.5,5900
412.5,8200
412.6,3100
412.7,9050
413.2,1800
413.3,7250
413.3,7450
413.3,7550
413.4,7600
413.5,6750
413.5,8000
413.5,8500
413.5,9800
413.6,7750
413.6,9250
413.8,4550
413.9,4400
414.2,5850
414.5,850
414.6,5350
414.9,900
415.1,1450
415.1,4500
415.2,6850
415.4,5700
415.4,8450
415.8,3050
416.1,3650
416.2,4950
416.4,2800
416.6,3750
416.6,5450
416.8,4850
416.9,550
416.9,6300
417,5100
417.2,9700
417.3,1600
417.6,4250
417.9,8700
418.3,6900
418.5,5750
418.5,6500
418.8,1650
418.8,1750
418.8,4000
418.8,8550
418.9,150
418.9,7050
419.2,450
419.3,950
419.4,2200
419.6,750
419.7,3700
419.7,6350
419.7,7300
419.8,4600
420,1400
420.3,5250
420.5,3900
420.5,6550
420.5,7000
420.6,2750
420.6,5000
420.9,2950
420.9,3450
420.9,9050
421.1,1300
421.1,8600
421.2,7900
421.2,9350
421.5,6100
421.7,9750
422,6450
422.2,3000
422.2,7250
422.3,5650
422.6,3600
422.7,7600
422.8,3300
422.8,4950
422.8,5200
422.9,7850
422.9,8100
422.9,8350
422.9,9100
423.1,200
423.1,4350
423.2,9500
423.4,5800
423.7,7700
423.7,8050
423.7,8150
423.8,1950
423.8,3200
424,4750
424,9300
424.1,5900
424.1,9800
424.2,4300
424.4,2050
424.4,2850
424.5,4200
424.6,6600
424.7,5150
425,7650
425.1,7800
426.3,8750
426.9,2600
427,5500
427,7950
427.4,9450
427.5,4650
427.6,100
427.7,550
427.8,3650
427.8,7100
427.9,0
428,300
428,850
428,6100
428,7400
428.1,2100
428.1,5700
428.2,3750
428.3,8850
428.4,5950
428.4,6300
428.5,50
428.6,2450
428.6,5350
428.6,7050
428.6,8300
428.7,8400
428.8,4050
429.1,250
429.1,1000
429.1,1300
429.1,3700
429.1,7550
429.1,9550
429.2,2500
429.4,1350
429.4,2400
429.4,2900
429.4,8800
429.4,9950
429.5,2150
429.6,1800
429.6,8250
429.8,4800
429.8,8600
429.9,5800
429.9,7150
430,1050
430,1900
430.1,9150
430.3,350
430.3,3050
430.3,8200
430.4,500
430.4,1450
430.4,4100
430.4,5850
430.4,9850
430.5,7200
430.6,9050
430.9,1850
430.9,2350
431.4,3550
432.2,5600
433.7,3900
434.2,8750
434.7,1750
434.9,6950
435.1,3100
435.2,8500
435.4,2950
435.6,2650
435.6,5100
435.7,3400
435.7,8700
436,1250
436,1700
436,5200
436,7250
436.1,7750
436.2,4400
436.2,4500
436.3,4550
436.3,7600
436.4,5350
436.4,7650
436.4,8650
436.5,2750
436.5,5650
436.5,8900
436.6,1150
436.7,6750
436.8,1400
437,3200
437,5000
437,7850
437.3,5450
437.4,4200
437.4,7300
437.6,3850
437.8,7200
437.9,450
437.9,4950
437.9,9400
438,8400
438.1,4300
438.2,8550
438.3,1650
438.4,1800
438.4,1950
438.5,2050
438.7,6500
438.7,8450
438.7,9600
438.8,9250
438.8,9300
439,9450
439.3,6550
439.4,4350
439.4,7050
439.7,3000
439.9,7000
440,750
440,3650
440,5850
440.2,5800
440.2,7950
440.3,6300
440.3,8950
440.4,1000
440.4,2500
440.4,2850
440.4,6800
440.4,8300
440.5,1300
440.6,4450
440.8,6450
440.8,9100
440.8,9550
440.9,500
440.9,4600
440.9,8000
440.9,9800
441,8350
441.7,900
442.1,9850
442.4,9500
442.9,2400
443,5700
444.1,1100
444.3,5250
444.4,50
444.5,8150
444.6,2200
444.6,7450
445,6900
445.1,9050
445.4,3700
445.7,7700
445.8,100
445.8,2000
445.8,5950
445.9,4850
446.1,5150
446.3,9750
446.4,7650
446.4,8600
446.5,5350
446.6,4050
446.6,6650
446.7,600
446.8,4550
446.9,1050
446.9,3050
447.1,6100
447.1,8050
447.3,4000
447.5,7550
447.8,150
447.8,7800
447.9,350
447.9,7600
448.4,4950
448.5,7900
448.6,6600
448.7,450
448.7,2050
448.7,8250
448.8,200
448.8,6300
448.9,6850
448.9,8700
449.1,5450
449.2,4200
449.2,6050
449.4,850
449.4,3100
449.4,3750
449.4,4750
449.5,5650
449.6,7000
449.7,1800
449.7,3200
449.8,4900
450,550
450,2300
450.1,3550
450.1,5000
450.1,5750
450.3,1600
450.3,1750
450.4,4250
450.6,2800
450.7,1650
450.7,2900
450.7,8100
450.8,3900
450.8,7250
451,2850
451.4,7050
451.6,8800
451.7,3650
452.5,8550
452.9,100
452.9,4400
453,2750
453.1,3450
453.7,5050
453.7,8750
453.7,9700
453.8,750
453.9,5100
454.2,9800
454.3,3300
454.5,6500
454.7,4800
454.8,250
454.8,1300
454.8,1350
454.8,4300
454.8,4350
454.8,4650
454.8,5350
454.9,7300
454.9,9050
455,2550
455,4100
455.2,8350
455.3,5200
455.4,0
455.5,8450
455.7,3700
456.4,6800
456.4,7600
456.4,8000
456.4,9500
456.5,8200
456.6,5400
456.6,6750
456.8,1400
456.9,1700
456.9,7400
457.2,5650
457.3,1000
457.5,9100
457.6,8900
457.7,900
457.7,5700
457.8,8600
458,7850
458,7950
458.1,3150
458.1,4500
458.2,6350
458.3,2950
458.4,1850
458.7,8300
458.7,9150
458.8,5800
459.1,1800
459.4,1950
459.4,7000
459.5,4550
459.5,5500
459.5,7450
459.5,9300
459.7,1450
459.7,2500
460.3,8400
460.5,4950
460.6,5750
460.6,7250
460.7,4450
460.7,7650
460.7,9400
460.9,9250
461,8150
461.6,1900
461.9,5000
462.3,9450
462.6,5250
462.9,5450
463.1,7550
463.2,1250
463.2,4600
463.5,850
463.6,4750
463.8,3100
463.8,8750
464.1,9750
464.2,50
464.2,1750
464.2,8850
464.3,2200
464.4,550
464.4,6200
464.5,500
464.5,4000
464.5,9800
464.6,2800
464.7,3550
464.7,6450
465,5350
465.1,2400
465.3,650
465.5,100
465.5,4200
465.7,1150
465.7,2650
465.7,6700
466,3700
466,7900
466.1,5950
466.2,8550
466.3,5100
466.4,5650
466.5,2000
466.5,3750
466.5,9050
466.5,9850
466.6,350
466.8,3650
466.9,2450
467.1,4250
467.1,5800
467.1,8050
467.2,2850
467.3,9950
467.5,8800
467.7,2050
467.7,6300
468.1,5850
468.1,8250
468.4,9500
468.5,3400
468.6,2150
468.7,6900
468.7,7050
468.8,1100
468.8,6500
468.8,7200
468.8,7800
469.1,8500
469.3,7750
469.6,3900
469.6,4300
469.9,4350
469.9,7250
470,2950
470,5200
470.2,2350
470.2,3600
470.2,6550
470.4,450
470.6,4500
470.6,8400
470.7,6750
470.8,4100
471,6100
471,6600
471.2,8600
471.5,7700
471.6,5150
471.7,7850
471.8,5650
471.8,8750
472.1,2750
472.2,3200
472.3,150
472.4,1300
472.4,1750
472.5,2400
472.6,4950
474.1,8950
474.3,7000
474.3,7600
474.7,5350
474.9,1800
474.9,9600
475,1000
475.1,3050
475.1,8150
475.2,1050
475.2,3100
475.2,6950
475.2,8700
475.4,800
475.4,9800
475.5,4850
475.8,5900
475.9,4700
476.1,2900
476.1,8000
476.1,8550
476.3,1250
476.4,7650
476.7,3300
476.7,9100
477,6450
477.2,200
477.2,900
477.9,3650
478.1,9050
478.3,1650
478.5,9450
478.6,550
478.7,7300
479.1,2950
479.1,5750
479.2,4050
479.2,8350
479.5,8450
479.6,2800
479.9,1600
480.2,5250
480.3,8100
480.5,7250
480.6,7950
480.6,8800
481.2,6300
481.5,5600
481.6,1150
481.7,1400
481.7,6850
481.7,8600
481.8,3000
481.9,6700
482,1750
482,3400
482,3700
482,4400
482.1,2200
482.1,5050
482.1,5800
482.1,6650
482.1,7900
482.2,8400
482.6,1950
482.6,5950
482.7,1800
482.8,7450
482.9,4000
483.5,3750
483.5,8300
483.6,5000
484,5350
484,7050
484.1,5500
484.2,4450
484.6,150
484.6,9300
484.8,8900
484.9,4950
485,4800
485,5100
485.2,2050
485.2,5700
485.3,4650
485.4,1700
485.4,7750
485.5,4550
485.5,7650
485.6,1050
485.6,2850
485.6,4300
485.6,6750
485.7,3850
485.8,750
485.8,2300
486,4250
486.1,8700
486.2,8150
486.3,50
486.3,100
486.3,2400
486.3,7550
486.3,8750
486.5,850
486.8,1000
486.8,9700
487,5650
487,8050
487,8850
487,9050
487,9450
487.1,4500
487.1,6150
487.1,7600
487.2,8500
487.2,9750
487.3,8550
487.4,1250
487.5,1300
487.6,7850
488,5200
488.3,3600
488.6,200
488.6,3550
488.6,4350
488.6,5850
488.9,1450
488.9,2750
489,500
489.5,3900
489.9,2500
489.9,9150
490,0
490,2550
490,4600
490.1,650
490.4,3200
490.4,4200
490.4,8350
490.6,7000
490.7,7250
490.9,7950
491,5150
491,6600
491,8000
491,8250
491.1,5400
491.1,9800
491.6,6800
491.9,550
491.9,6300
491.9,8800
492,3650
492,5950
492.1,8200
492.2,1750
492.5,600
492.6,2700
492.6,7300
492.7,8750
493.1,3700
493.2,6900
493.7,3100
494.6,1400
494.7,5100
494.7,5650
494.8,350
494.8,1900
494.8,5800
495.2,2800
495.2,3750
495.2,5350
495.3,1300
495.3,6200
495.3,8600
495.5,4550
495.6,7200
495.7,7050
495.8,7600
495.9,3300
496,4150
496,7650
496,9850
496.3,1050
496.3,4400
496.3,5000
496.3,5450
496.7,6550
496.9,6500
497.4,850
497.4,3450
497.5,6100
497.5,9100
497.5,9500
497.6,900
497.6,8400
497.8,1950
497.8,4800
498,2100
498.1,1250
498.1,7450
498.3,1800
498.8,6950
498.9,8550
499.1,3050
499.2,4450
499.3,2650
499.3,4500
499.5,9250
499.6,4300
499.6,4950
499.7,7900
499.7,9550
499.8,2950
499.8,6450
499.9,9700
500,2000
500.1,8300
500.1,9050
500.3,7250
500.5,450
500.5,3550
500.6,1600
500.7,5250
500.7,9300
501,8350
501.1,3600
501.5,1700
501.6,1150
501.7,7550
501.7,9950
501.8,6650
502,3400
502.3,5700
502.7,7300
502.7,9600
502.9,7850
503,9450
503.4,1000
503.5,100
503.6,750
503.7,150
503.7,8700
503.8,1450
503.8,5600
503.8,8000
503.9,50
504.1,1350
504.2,200
504.5,7950
504.6,5750
504.7,8050
504.8,4750
505,3200
505.2,3700
505.2,6750
505.3,7150
505.4,6300
505.4,8150
505.5,3100
505.5,5200
505.5,6600
505.6,1300
505.6,4900
505.8,2200
505.9,3650
506.1,6100
506.2,1800
506.2,4850
506.2,8500
506.3,5150
506.3,5650
506.4,9800
506.5,550
506.5,3900
506.6,1750
506.6,4000
506.7,5800
506.9,2850
507.1,6850
507.4,5300
507.4,5950
507.5,4200
507.5,4600
507.5,7000
507.7,8800
508,1850
508.1,350
508.2,4050
508.3,3050
508.4,2500
508.4,6350
508.5,5000
508.5,5900
508.5,8250
508.6,4300
508.8,3300
509,2600
509,2800
509.1,5500
509.2,2400
509.2,6150
509.4,2900
509.7,1650
509.8,4350
509.9,2050
510,1400
510.1,7700
510.3,7650
510.4,9850
510.7,2350
510.7,4500
510.7,6700
510.9,3750
511.5,8200
511.8,5100
511.9,7250
511.9,8550
512,300
512,8900
512.2,4250
512.2,7750
512.3,2450
512.3,7400
512.6,9050
512.8,5350
513,1900
513,4650
513.3,8150
513.6,5800
513.7,6800
513.7,8100
514,2550
514.1,3650
514.2,6950
514.3,0
514.3,8750
514.4,7050
514.4,7450
514.4,7850
514.4,9450
514.5,4950
514.6,8350
514.9,6300
515,5650
515.1,7600
515.1,9400
515.5,650
515.6,8600
515.7,2950
515.7,6050
515.8,1300
516.2,8650
516.5,2700
516.7,5200
516.9,400
516.9,1800
516.9,9800
517,3100
517,6100
517.1,8850
517.2,900
517.2,4800
517.2,8450
517.3,6500
517.3,7550
517.3,7950
517.4,450
517.4,4350
517.5,1100
517.5,5050
517.5,5850
517.6,1250
517.6,1950
517.7,8400
517.8,9100
517.9,200
518.1,5000
518.1,7000
518.2,9750
518.4,1050
518.9,550
519,2150
519,2750
519,4400
519.1,4100
519.2,7050
519.3,500
519.3,8700
519.5,100
519.5,1750
519.6,3850
519.6,7300
519.9,3900
520,1000
520,5250
520.1,7650
520.5,250
520.5,3700
520.5,9550
520.8,5150
520.8,6750
520.9,4600
521,850
521,8050
521.2,8200
521.3,750
521.3,6600
521.5,9300
521.6,3600
521.9,8750
522,4000
522,9500
522.1,4200
522.2,5350
522.4,5700
522.5,4550
522.6,8800
522.7,1600
522.8,9150
523.3,3200
523.6,3400
523.6,5750
523.7,4450
523.8,3750
524,4850
524,6450
524,9600
524.1,3000
524.1,4300
524.1,7250
524.2,1150
524.3,8950
524.4,8000
524.5,3300
524.5,7800
524.6,1700
524.7,5600
524.8,2050
524.8,7900
524.9,8300
525,5450
525.1,600
525.1,2800
525.1,7850
525.1,9000
525.2,2900
525.3,3050
525.3,5800
525.3,8500
525.4,2200
525.4,6900
525.4,8550
525.5,5950
525.9,1800
526,8700
526.2,9450
526.3,1450
526.4,50
526.4,3100
526.4,7200
526.4,7600
526.5,6300
526.6,150
526.6,4500
526.8,1000
526.8,2500
526.9,8150
527,8350
527.1,1250
527.2,0
527.3,3650
527.4,8600
527.6,9350
527.9,1300
528.3,200
528.4,5650
528.9,9850
529.2,4250
529.3,9050
529.4,5100
529.5,9950
529.7,7700
529.8,6550
529.8,7650
530.2,4800
530.3,4200
530.3,8250
530.4,4950
530.4,5350
530.4,5500
530.6,7550
530.6,9800
530.8,2550
530.8,3700
530.8,6350
530.8,7300
530.9,1750
531,6200
531,8400
531.1,8050
531.2,2000
531.2,6650
531.3,5000
531.5,2950
531.7,6100
531.7,6850
532.7,350
532.7,7750
532.7,9500
532.8,450
532.8,2400
532.8,4650
532.9,4400
532.9,6800
533.4,100
533.7,2850
533.7,4050
534.2,500
534.3,6700
534.4,5150
534.6,3300
535.1,1900
535.1,3850
535.3,7450
535.3,8850
535.4,9650
535.8,3650
535.9,9700
536,7950
536.3,2750
536.3,6500
536.3,7050
536.6,4300
536.7,1350
536.7,4850
536.8,6950
537.1,9400
537.3,1650
537.3,5200
537.3,8300
537.4,9850
537.5,4600
537.6,1300
537.7,6750
537.7,7150
537.8,3750
538,850
538.2,3550
538.2,8450
538.3,5350
538.3,8400
538.4,550
538.4,2800
538.4,7250
538.5,650
538.6,1800
538.6,5050
538.6,8900
538.7,1150
538.7,9100
538.8,1700
538.8,5900
538.8,9050
538.9,3050
538.9,4550
539,1450
539.1,1050
539.1,4350
539.1,8500
539.1,8550
539.2,1750
539.3,1950
539.3,5950
539.4,3900
539.4,5750
539.4,9250
539.7,9450
539.9,8000
540,750
540,7550
540.1,7000
540.2,5700
540.4,8350
540.4,8750
540.5,3700
540.6,5650
540.7,1000
542.4,6300
542.9,7300
542.9,8800
543.2,900
543.2,9800
543.4,5300
543.5,50
543.5,1850
543.6,4750
543.6,5800
544,4000
544.4,9300
544.5,1400
544.5,3400
544.5,7800
544.5,8200
544.6,3200
544.6,4200
544.6,7900
544.7,4950
544.7,6550
545,350
545,2950
545.3,2600
545.3,3600
545.3,8150
545.7,4900
545.7,7050
545.7,8600
545.8,8050
545.9,1250
545.9,8250
546,5850
546,7650
546.1,200
546.1,7600
546.2,6450
546.2,6600
546.3,8400
546.4,5250
546.5,450
546.9,3100
546.9,3900
546.9,7850
547.4,3450
548.1,4850
548.2,1300
548.2,5000
548.2,5400
548.7,9750
549.6,5100
549.8,1050
549.8,2050
549.8,2200
549.8,5450
550,150
550,6800
550.1,5950
550.2,9800
550.4,2450
550.4,2800
550.4,5650
550.5,4500
550.5,8750
550.6,2850
550.6,5200
550.6,8550
550.6,8700
550.7,2150
550.7,5700
550.7,9950
550.8,2350
550.8,3550
550.8,7250
550.9,8300
551.1,7550
551.2,1950
551.2,7200
551.2,8100
551.3,9850
551.4,500
551.4,2500
551.4,4250
551.5,4350
551.7,1800
551.8,100
551.8,6150
551.8,6750
551.9,2300
551.9,8500
552,750
552,4650
552.2,5600
552.3,1650
552.3,8350
552.4,7950
552.4,8950
552.5,7000
552.5,9350
552.7,550
552.8,2900
552.8,4450
552.9,900
552.9,6900
553,4800
553.6,600
553.8,850
554,3700
554.1,1700
554.5,1750
554.6,1000
554.6,9700
554.8,9050
555.1,7650
555.2,8000
555.3,8250
555.7,5800
555.7,6500
555.7,7750
556.1,9450
556.5,1150
556.5,5500
556.7,1350
556.7,3900
556.8,3650
557.1,6800
557.2,4200
557.2,7450
557.5,6300
557.6,1600
557.9,1400
558,3750
558.1,1250
558.2,4300
558.3,1450
558.3,7050
558.4,200
558.4,4750
558.4,5350
558.5,9100
558.6,5750
558.7,8050
558.8,1900
558.8,8800
558.9,3400
558.9,4100
559,750
559,5400
559,6350
559.1,2550
559.1,7600
559.2,2100
559.2,8200
559.3,7300
559.3,9250
559.4,4600
559.4,5150
559.4,6450
559.5,6400
559.5,7850
559.6,550
559.6,5050
559.8,3200
559.8,4150
560.2,8900
560.4,2650
560.5,3300
560.8,2750
561,4950
561.2,5000
561.2,8400
561.3,6700
561.4,2000
561.9,9850
563,6200
563.1,1300
563.6,1800
563.6,4650
563.7,1750
563.8,7900
563.9,9600
564,2800
564.3,8600
564.8,9950
564.9,8300
565.1,7800
565.1,9050
565.2,8850
565.4,9500
565.4,9800
565.6,6100
565.7,4550
565.8,8150
565.9,7250
566,1000
566,5300
566,8550
566.2,3100
566.3,1850
566.4,4450
566.7,4500
566.9,7000
567,9300
567.1,8500
567.2,2050
567.3,350
567.4,7650
567.4,8200
567.5,3900
567.5,6850
567.8,4000
568.1,4900
568.3,3050
568.4,3300
568.4,5800
568.5,100
568.5,5200
568.6,450
568.7,3000
568.7,4400
568.8,900
568.8,1050
568.8,5650
568.8,8750
568.9,0
568.9,5900
569.2,6300
569.4,500
569.8,6600
569.8,8050
569.9,50
570.3,6750
570.6,4800
570.7,2500
570.7,7550
571.1,5850
571.1,7700
571.4,850
572,9400
572.5,1900
572.6,2400
572.7,9750
572.8,6950
572.9,2850
572.9,7750
573,8700
573.8,4200
573.8,5350
574.1,7950
574.2,1100
574.2,4300
574.2,4600
574.2,8550
574.3,550
574.5,2950
574.6,4250
574.6,4850
574.8,1250
574.8,5250
574.9,150
574.9,8350
575.2,5950
575.2,7200
575.2,8900
575.3,650
575.3,950
575.3,1700
575.4,8800
575.5,2750
575.5,3200
575.5,5700
575.5,7050
575.5,7250
575.5,7400
575.6,3700
575.6,4350
575.7,2800
575.7,2900
575.7,9450
575.8,1750
575.9,6650
575.9,6900
575.9,8600
576,1300
576,3850
576.2,2200
576.2,6800
576.2,9800
576.5,1950
576.5,8250
576.6,7850
576.6,8000
576.6,8650
576.7,1400
576.7,3600
576.7,3650
576.8,9300
576.8,9700
576.9,750
576.9,1450
576.9,5650
576.9,5750
576.9,8750
577.1,1550
577.1,3900
577.1,5150
577.1,6450
577.1,8400
577.2,3750
577.3,4450
577.3,8450
577.6,9000
577.8,4650
577.9,3550
578,9250
578.1,1800
578.4,200
578.4,5500
578.5,9050
578.6,5800
578.7,2450
578.9,7300
579,1050
579.2,5350
579.6,3050
579.8,7650
579.9,8300
580.2,5100
580.3,1000
580.8,4950
580.9,2350
581.1,6550
581.6,5000
581.7,4050
581.7,6300
582.2,2050
582.3,7450
582.3,8050
582.4,8950
582.5,450
582.5,7750
582.6,5600
582.8,7600
582.9,2150
583,6750
583.5,6100
583.7,7000
584.1,2550
584.1,3300
584.5,8550
584.5,9850
584.9,9350
585,6600
585.3,6700
585.4,5200
585.7,8150
586.1,5700
586.2,3900
586.3,3650
586.3,7900
586.5,2500
586.6,3100
586.7,9300
586.8,2300
586.9,1350
587.2,350
587.2,8200
587.3,1750
587.3,6500
587.4,3750
587.4,9500
587.7,4400
587.8,1150
588.2,1400
588.3,1850
588.4,2800
588.4,7700
588.7,2750
588.7,4650
588.7,6850
588.8,2200
589,8700
589.1,7250
589.2,5150
589.3,5650
589.3,9450
589.4,7850
589.5,9600
589.6,7050
589.6,8400
589.7,4550
589.7,6450
589.8,7650
589.8,9950
590,6150
590.1,200
590.1,2650
590.1,7550
590.2,1800
590.2,4300
590.2,8250
590.2,9050
590.3,550
590.3,6200
590.4,3700
590.5,1450
590.5,4250
590.6,50
590.8,1000
590.8,2950
590.8,5500
590.8,8500
590.8,8750
590.9,300
591.1,8600
591.3,100
591.3,5250
591.5,9100
591.7,1050
591.7,2850
591.7,7300
591.8,4500
592,6300
592.8,9750
593,1300
593.3,4950
593.3,8800
593.5,2000
593.6,8850
593.9,8350
594.6,5800
594.9,3200
595,5350
595.3,8450
595.7,2900
595.8,4600
595.9,1950
596,1750
596.1,6900
596.1,9800
596.2,1250
596.2,5050
596.2,9850
596.5,6350
596.6,450
596.7,900
596.8,4800
597.3,150
597.5,1150
597.6,8150
597.7,4200
597.7,5650
597.7,7950
597.8,200
597.9,2050
598,5450
598.2,5950
598.2,8100
598.3,8300
598.4,4350
598.7,3000
598.7,7000
598.8,7450
598.9,8050
598.9,8500
599,7600
599.2,6100
599.3,5100
599.3,8900
599.4,7150
599.6,4850
599.7,1900
599.7,4300
599.7,5000
599.7,9550
599.8,3550
600,1700
600,4750
600.1,800
600.1,1650
600.1,2950
600.1,6800
600.1,8550
600.3,3700
600.3,7250
600.4,3450
600.5,6500
600.7,1600
600.8,7650
601.2,7750
601.8,5700
601.9,2500
602.1,3300
602.2,1750
602.5,750
603.1,9050
603.4,1800
603.4,9300
603.7,3600
603.7,4900
604,7800
604.2,4000
604.2,4550
604.3,3350
604.5,1300
604.6,5750
604.7,550
604.7,5800
604.7,7850
604.8,2600
604.8,8600
605,500
605.1,7050
605.1,8250
605.3,5650
605.4,4250
605.7,8750
605.8,3050
606,1000
606,9100
606.1,2800
606.1,7550
606.3,9450
606.4,100
606.4,2350
606.5,6300
606.6,350
606.6,1350
606.7,8400
606.8,4450
606.8,6600
606.9,5600
607,7000
607.2,50
607.2,7600
607.2,7650
607.2,9250
607.3,5850
607.3,7700
607.4,8000
607.4,9500
607.5,850
607.5,3850
607.7,3900
607.7,6550
607.7,6750
607.9,3650
607.9,4400
607.9,7200
607.9,7900
608.2,1050
608.3,5350
608.4,8450
608.5,6800
608.9,3750
609,8800
609.1,7950
609.3,6450
609.4,9800
609.5,4200
609.6,5200
609.9,5000
609.9,9400
610,4500
610.2,1300
610.2,1750
610.2,3200
610.2,4300
610.3,250
610.6,5150
611,5700
611.1,3100
611.1,7400
611.2,1800
611.5,8550
611.6,1650
611.6,6950
612.1,8350
612.4,8300
612.6,2750
613.4,8700
613.6,8950
614.3,3700
614.4,2550
614.4,5450
614.5,1900
614.5,7300
614.6,1400
615,5250
615.2,9050
615.3,5800
615.6,200
615.8,8200
615.9,2950
615.9,3000
615.9,4800
616,2650
616,2850
616,4850
616,7250
616.1,1450
616.1,6850
616.2,4100
616.5,3600
616.5,6100
616.7,2150
616.7,6500
616.9,8150
617,750
617,2200
617,4950
617,9850
617.1,3650
617.1,9300
617.1,9700
617.2,1250
617.2,5900
617.2,6400
617.4,7050
617.5,3900
617.5,7000
617.6,4350
617.7,2250
617.8,4650
617.9,0
617.9,3400
617.9,3750
617.9,5400
618,4700
618,5500
618,6450
618.1,350
618.1,6800
618.1,7550
618.2,550
618.2,7450
618.4,9600
618.5,2450
618.5,8050
618.6,900
618.7,1000
618.7,9450
619,1850
619,4000
619.1,9750
619.4,450
619.4,5650
619.4,7850
619.4,8600
619.5,50
619.5,1150
619.5,5100
619.5,7600
619.6,8100
619.7,8900
619.8,5850
619.8,7650
619.9,6300
620.2,3550
620.7,4600
620.8,1600
620.8,4300
620.9,1950
620.9,2900
621,600
621.1,4500
621.3,8250
621.9,5350
622,9800
622.1,5000
622.1,5750
622.2,2400
622.2,3450
622.2,6600
622.3,9150
622.5,8750
622.6,7300
622.7,9100
622.9,4200
623.4,4400
623.4,5200
623.5,5150
623.6,7750
623.7,6750
623.8,6650
624.1,6200
624.6,1800
624.8,2800
625.1,6700
625.5,850
626.2,3850
626.6,8350
626.7,2100
627.3,550
627.6,1300
627.6,8300
627.7,3300
627.8,5950
627.9,7900
628.1,2500
628.1,6550
628.1,7550
628.1,8800
628.2,4750
628.2,7650
628.2,8550
628.7,1050
628.8,7200
628.8,9550
629.1,3650
629.1,5800
629.1,6100
629.1,7250
629.4,1700
629.4,2750
629.5,6900
629.6,1250
629.6,1750
629.6,2050
629.6,7950
629.7,8400
629.8,3100
629.9,7050
630.1,100
630.2,8600
630.3,8150
630.5,4550
630.5,9500
630.6,7600
630.7,9050
630.9,3200
631.1,150
631.1,6350
631.1,9450
631.3,1800
631.5,4250
631.5,6450
631.6,6300
631.6,9300
631.7,1000
631.7,1500
632.2,3700
632.6,900
632.6,5650
632.7,4200
632.7,5500
632.8,7000
632.9,4950
633.7,2850
633.7,9650
633.8,350
633.8,5250
633.9,2550
633.9,4850
634,1100
634.1,8050
634.6,950
634.8,5450
634.9,6150
635,9950
635.2,8000
635.3,3550
635.3,4800
635.7,1350
635.7,8750
635.8,200
635.8,5700
635.9,6800
636.2,3900
636.3,5000
636.3,7700
636.5,4350
636.6,3750
636.6,9800
636.7,5100
637,4900
637,5600
637,9850
637.1,50
637.2,1450
637.4,1750
637.4,2650
637.4,4300
637.4,7250
637.5,850
637.6,2000
637.7,1900
637.7,8450
637.7,9050
637.8,750
637.8,1300
637.8,7450
637.9,7400
637.9,7600
638,9350
638.1,1800
638.1,2800
638.2,500
638.2,5350
638.2,9300
638.3,5800
638.3,7650
638.3,8400
638.4,8250
638.5,6300
638.5,6500
638.6,7300
638.7,1400
638.8,650
638.8,1150
638.8,7800
638.8,8550
638.8,8800
638.9,6100
638.9,6600
639,2200
639,3650
639,5950
639,7850
639.1,3350
639.1,3700
639.1,4450
639.1,7750
639.1,8500
639.3,5200
639.4,3250
639.4,3400
639.4,5650
639.4,9600
639.7,7050
639.9,100
639.9,6950
640,550
640,6650
640.3,2450
640.4,1050
640.4,5850
640.5,3050
640.7,400
640.8,8350
640.8,8600
641.8,5750
641.9,6700
641.9,8300
642,3900
642.4,9100
642.5,6750
642.6,1250
643,4200
643.8,800
643.8,9450
644,2950
644.5,8200
644.6,1950
644.8,9700
644.9,4400
645.2,2900
645.2,5150
645.6,8850
645.7,450
646.2,7250
646.4,4600
646.4,4850
646.6,4650
646.6,9750
646.7,350
646.7,7550
646.7,9500
646.9,4300
647,1800
647,2700
647,9400
647.1,2150
647.1,3000
647.2,4000
647.2,4500
647.2,9250
647.3,2350
647.3,4950
647.3,7000
647.3,8150
647.4,2600
647.4,3200
647.4,4450
647.5,2750
647.5,8700
647.6,6450
647.7,5950
648,2850
648.2,5100
648.4,4150
648.4,6150
648.5,6100
649.2,5000
649.9,4350
650,8050
650.1,8400
650.2,3050
650.2,9450
650.4,1000
650.4,8750
650.6,3550
650.8,2400
650.8,5350
651.1,3300
651.2,7600
651.2,7650
651.3,1600
651.3,4550
651.3,5450
651.4,600
651.4,1300
651.4,5250
651.5,0
651.5,5050
651.5,5650
651.5,7050
651.5,8600
651.5,9600
651.7,2450
651.7,3600
651.7,6350
651.9,2300
651.9,6950
652.2,2050
652.3,7200
652.3,7950
652.4,8950
652.5,7900
652.6,6750
652.6,9050
652.7,6550
652.7,6600
652.7,9150
652.9,6850
653,9550
653.1,3100
653.2,1400
653.2,2200
653.2,5700
653.3,850
653.6,1750
653.7,2750
653.7,5500
653.7,9800
654,3700
654,4000
654,4050
654,4800
654,9850
654.2,5800
654.2,7100
654.3,3750
654.5,1950
654.5,8900
654.7,4950
654.8,1450
654.8,8450
655.2,250
655.3,900
655.4,8800
655.7,2950
655.7,6300
656,1700
656.1,150
656.2,2650
656.2,7550
656.3,7450
656.5,1900
656.5,4500
656.9,1050
656.9,7850
657.1,2800
657.2,50
657.3,7700
657.7,2500
657.8,4750
657.9,5750
658,9950
658.1,5150
658.3,8000
658.4,7300
658.6,1800
658.6,3400
658.7,8550
658.8,5300
658.9,7250
659.2,200
659.2,750
659.2,8050
659.3,5900
659.3,9300
659.5,9700
659.6,350
659.6,2850
659.7,5200
659.7,7750
659.7,8350
659.9,3650
659.9,5600
660.2,9350
660.5,1250
661,3900
661.1,5100
661.2,1750
661.3,7050
661.5,5350
661.6,8650
661.8,3200
661.9,6650
662,8150
662.1,6800
662.4,5950
662.4,8600
662.6,550
662.6,1300
662.6,9100
662.7,3550
662.8,100
662.8,8750
662.9,4900
663.1,2900
663.1,6900
663.6,6450
663.7,7000
663.9,4650
663.9,5000
663.9,7950
663.9,9400
664,9500
664.1,1350
664.1,5650
664.5,2800
664.6,9850
664.8,5850
664.8,9250
665.4,7650
665.5,450
665.5,7450
665.6,650
665.6,7850
665.7,8700
665.8,500
665.8,8250
665.8,8400
665.9,7800
666,4300
666,5450
666.1,5400
666.3,1450
666.3,4450
666.4,8100
666.5,7600
666.8,2000
666.8,2550
666.9,3650
666.9,4200
666.9,5800
666.9,9800
667,1750
667,9450
667.3,400
667.3,8300
667.4,7550
667.6,4100
667.6,7250
667.9,2050
668,4850
669.1,5500
669.2,1800
670.4,7300
670.4,9750
670.8,2750
670.8,3000
671,4800
671.1,1300
671.2,5100
671.3,2200
671.4,8350
671.5,1100
671.5,8900
671.6,4600
671.8,1150
671.8,2500
671.9,1650
672,1000
672,4350
672.1,3100
672.2,3750
672.5,8850
672.7,1700
672.7,4700
672.7,6600
672.7,6800
672.8,3300
672.9,9800
673,750
673,4400
673,6750
673,9700
673.1,3850
673.1,4500
673.1,4550
673.1,5050
673.1,9100
673.2,3700
673.2,4250
673.2,4950
673.6,1250
673.6,6300
673.6,7900
673.6,9150
673.7,6450
673.8,200
673.8,2150
673.8,8200
674.3,8250
674.4,350
674.4,1050
674.4,2850
674.4,8750
674.5,6100
674.5,9050
674.6,7050
674.7,5650
674.8,300
674.8,800
674.8,6650
674.9,5350
675,1900
675.2,2950
675.4,3050
675.7,3650
675.8,8600
675.9,600
676.1,1600
676.2,5800
676.2,9950
676.3,6500
676.3,8800
676.6,8550
676.7,5700
676.9,8400
677.1,5000
677.2,1800
677.3,5200
677.4,50
677.5,7700
677.9,7150
679.2,4200
679.3,7600
679.5,8050
680.1,7650
680.5,1950
680.7,4300
681,100
681,5600
681,9300
681.3,8950
681.7,8500
681.8,3200
681.9,4650
682,150
682.2,7250
682.2,7450
682.3,4050
682.7,7850
683,3900
683.2,8150
683.5,3450
683.7,2150
683.9,900
684.2,7750
684.3,5250
684.9,3550
685,5150
685,6300
685,8000
685,9800
685.1,3700
685.1,7950
685.2,550
685.2,6350
685.2,6550
685.3,5350
685.3,7400
685.3,8300
685.7,450
685.7,1300
685.7,2800
685.7,4450
685.7,6700
685.8,8350
686,2700
686.1,5400
686.1,6750
686.2,8800
686.3,9450
686.6,4600
686.7,7300
686.7,8450
686.9,750
686.9,1850
687,9100
687.2,4900
687.2,9050
687.3,5100
687.4,5500
687.4,5650
687.5,1000
687.6,1800
687.6,2400
687.6,4300
687.6,7550
687.8,4850
687.9,1750
687.9,2900
688,5750
688,7800
688.1,6950
688.2,3750
688.2,9300
688.3,1450
688.3,2100
688.4,8550
688.7,7000
688.7,8250
688.8,9850
688.9,5000
688.9,7250
689,3400
689.1,4950
689.1,8700
689.4,4500
689.5,1050
689.7,5850
689.7,7200
689.8,9150
689.9,5200
690.3,1350
690.3,1400
690.3,2750
690.3,6850
690.8,5800
691.2,6450
691.4,100
691.6,3900
691.8,8400
691.9,4000
692.1,3650
692.2,4200
692.2,8750
692.6,7050
692.9,5450
692.9,9550
693,0
693.4,7850
693.4,8200
693.4,9750
693.7,1650
693.7,8650
694.1,3600
694.2,2450
694.6,2650
694.8,4350
694.8,5900
695,1600
695.2,1250
695.3,5700
695.4,850
695.4,2000
695.4,8600
695.5,9500
695.6,3300
695.7,1550
695.8,6500
696,5350
696,8100
696.1,2550
696.2,6650
696.2,9800
696.3,550
696.3,6400
696.3,7900
696.3,9450
696.5,1700
696.7,7650
696.8,50
696.8,1750
696.8,6100
697,5650
697.1,7600
697.1,7700
697.5,6150
697.6,1800
697.8,7250
698.7,2850
700.8,3200
700.9,1300
700.9,8500
701.1,9050
701.3,6800
701.4,6600
701.5,8750
701.6,3750
701.7,2500
701.8,350
701.9,6900
702.1,2050
702.1,4800
702.2,5950
702.2,8800
702.2,8850
702.3,8150
702.5,4450
702.6,5200
702.6,7400
702.6,8550
702.7,4950
702.7,6300
702.9,2400
702.9,7000
703,1900
703,4550
703.1,3700
703.3,200
703.5,1000
703.5,5500
703.5,6950
703.6,2800
703.6,4300
703.6,9400
703.7,2950
703.7,7450
703.7,8000
703.8,3900
703.8,5800
703.8,6100
703.8,8050
703.9,600
704,9700
704.2,6550
704.4,5000
704.5,8350
704.5,8400
704.6,1800
704.7,7300
704.8,4200
704.8,4650
704.8,6750
704.9,8250
705.2,900
705.3,4850
705.3,5900
705.3,7600
705.3,9800
705.5,1450
705.6,7750
705.7,4500
705.7,9950
705.9,100
705.9,9350
706.5,1750
706.6,2900
706.8,5150
706.8,5350
706.8,9500
707.1,1650
707.2,550
707.2,3000
707.3,1150
707.3,8600
707.5,7550
707.8,650
707.9,9300
708.1,7250
708.2,6500
708.2,9450
708.5,7200
708.6,9050
708.8,7650
708.8,8450
709.2,4350
709.4,3550
709.5,3050
709.7,7950
709.9,7050
710.3,3100
710.3,4000
710.5,150
710.5,4250
710.9,9250
711.1,50
711.1,5100
711.1,5850
711.1,8550
711.2,450
711.2,6600
711.3,5650
711.3,8300
711.5,7850
711.5,8700
711.6,1050
711.6,4050
711.7,2700
711.8,4100
711.9,500
711.9,9850
712,1400
712,2200
712,2750
712,7900
712.1,5200
712.2,1100
712.2,3650
712.2,4400
712.4,3300
712.7,1300
712.7,4600
712.8,1000
713.1,8150
713.1,8750
713.4,6450
713.4,9100
713.5,2350
713.5,7100
713.7,400
713.8,4750
714.3,5050
714.3,5450
714.5,5250
714.5,6800
714.9,3600
715,5350
715.6,7300
715.8,5700
716,4200
716.1,3700
716.3,5950
716.9,2450
717,9800
717.1,1800
717.1,2850
717.1,8800
717.4,200
717.4,3900
717.4,5500
717.4,7450
717.5,8350
717.8,5150
717.9,8850
717.9,9600
718.4,6550
718.4,7650
718.4,8900
718.7,6150
718.9,6300
719,1900
719,9150
719.1,7250
719.1,7800
719.1,8400
719.2,5800
719.2,9750
719.3,4300
719.4,950
719.4,3750
719.6,300
719.6,1850
719.6,5000
719.7,6950
719.9,7700
720,2800
720,3850
720,7750
720.2,850
720.5,9450
720.6,350
720.7,2050
720.7,9700
720.9,2950
720.9,7000
721.1,9550
721.2,900
721.2,4950
721.2,5400
721.2,7600
721.2,8600
721.2,9850
721.6,9050
722.7,250
722.7,1250
723,50
723,6750
723.1,7050
723.3,100
723.4,6100
723.7,7550
723.8,1750
723.8,6700
724,5750
724.4,3200
724.5,5650
724.6,3000
724.7,4500
724.8,0
724.8,8550
724.9,1000
725.1,4350
725.2,9500
725.5,550
725.5,4200
725.9,1950
725.9,2400
725.9,8050
726.4,1300
726.4,4550
726.5,750
726.6,1800
726.7,650
726.7,2500
726.8,3400
726.9,2550
726.9,6200
726.9,6650
726.9,8100
726.9,8150
727.4,1400
727.4,2750
727.4,8350
727.8,6800
728.3,4800
728.5,9100
728.8,5700
728.9,8800
729.1,3100
729.1,6850
729.1,7650
729.1,8700
729.3,5200
729.3,5350
729.3,8750
729.4,8250
729.5,2950
729.5,3050
729.5,9300
729.6,4000
729.7,6900
729.7,8500
729.8,2150
730,7850
730.1,8950
730.2,6300
730.3,1450
730.3,2650
730.4,1600
730.4,5100
730.5,4650
730.5,6450
730.7,1050
730.8,4950
730.8,9950
731,6600
731.2,450
731.4,2300
731.8,150
731.9,7900
732,1150
732,3650
732,6350
732,6500
732,7300
732,9050
732,9850
732.2,7600
732.3,1350
732.6,7250
733,5250
733.1,8300
733.3,7950
733.4,8200
733.5,5450
733.5,8600
733.6,2800
733.6,7000
733.7,350
733.7,9450
734.3,5850
734.4,5800
734.5,3900
734.5,4450
734.7,4850
734.8,5750
734.9,4300
735,2850
735.3,3750
735.6,5000
736,8550
736.1,7750
736.3,1700
736.3,3450
736.4,3300
736.5,7450
736.6,550
736.7,850
736.7,5600
736.8,2050
736.9,4600
736.9,7550
736.9,8900
737,1800
737.3,4250
737.5,50
737.5,2000
737.6,4150
737.8,750
737.9,8450
738.1,200
738.1,9800
738.2,8350
738.3,2900
738.4,6750
738.4,7800
738.4,9400
738.5,650
738.8,4550
738.8,5350
739.2,6650
739.7,5650
739.8,1750
740.1,100
740.2,1000
740.4,900
740.4,1950
740.7,5900
740.7,7700
741.5,6950
741.6,3200
741.7,1250
741.8,2200
741.8,3700
741.8,9500
741.9,4200
741.9,4350
742.2,3550
742.2,8150
742.4,4950
742.6,5150
742.6,5500
742.6,7050
742.6,7150
742.6,8400
742.6,8850
742.7,1300
742.8,8600
742.9,5050
742.9,9150
743.3,1900
743.3,6300
743.4,6450
743.4,9350
743.5,2500
743.5,4400
743.5,7250
743.7,1850
743.7,2400
743.8,950
743.8,6100
744,4800
744,5950
744,8000
744,8050
744.3,1400
744.3,3600
744.3,5400
744.3,7650
744.4,8750
744.5,7200
744.6,3400
744.7,8100
744.7,9450
745.1,2050
745.2,350
745.2,4850
745.3,7400
745.3,9050
745.4,2600
745.4,5200
745.4,8250
745.4,9850
745.5,8700
745.6,9100
745.7,3050
746,2750
746.1,4050
746.1,6550
746.2,1050
746.2,5350
746.2,5450
746.3,7550
746.4,1700
746.4,3650
746.4,7000
746.7,9250
746.8,7950
747,2700
747.1,5600
747.3,5800
747.8,9750
747.9,4500
748.8,5650
749.2,5700
749.4,1750
749.4,8350
749.5,550
749.6,8800
749.9,9300
750,1000
750,1100
750,4650
750.2,900
750.3,3700
750.4,2550
750.9,7300
751,6750
751.2,3100
751.4,5000
751.4,7600
751.5,2350
751.8,7800
751.9,5750
751.9,5850
751.9,7850
751.9,7900
752,450
752.1,2450
752.2,8550
752.4,850
752.5,3000
752.5,3750
752.5,9800
752.7,3900
752.8,3300
753.1,1800
753.2,500
753.2,5100
753.7,8300
753.9,750
754.1,3650
754.3,200
754.6,4550
754.7,2300
754.7,4100
754.7,9600
754.9,4950
755.1,6600
755.2,4450
755.2,6350
755.3,1150
755.3,6800
755.4,2850
755.4,9700
755.5,0
755.7,4000
755.8,7050
755.9,3200
756,1950
756,2150
756.1,6900
756.2,8900
756.6,8400
756.9,3550
756.9,6700
756.9,8600
757,2050
757,6550
757.1,5450
757.1,7250
757.3,1250
757.5,4600
757.6,8050
757.7,6500
757.7,7650
757.8,5050
757.9,50
757.9,1300
758,1600
758.2,7000
758.3,6100
758.3,8150
758.4,2950
758.7,4800
759.1,7950
759.1,8450
759.1,8750
759.2,8350
759.2,9100
759.4,4400
759.4,7550
759.6,4200
759.7,5350
760.1,550
760.1,600
760.1,4350
760.1,7850
760.3,8950
760.5,5800
760.6,4500
761,3700
761.2,5650
761.3,4300
761.3,5950
761.6,3350
761.7,150
761.7,9450
761.9,2800
762.3,5000
762.3,8250
762.8,1900
762.8,3750
762.8,6650
762.9,7450
763,5200
763,7700
763.1,1650
763.1,1700
763.1,2900
763.1,8550
763.2,7600
763.4,6850
763.4,8700
763.5,100
763.5,6300
763.6,6450
763.8,5150
764.2,9150
764.4,9950
764.5,1000
764.5,1450
764.5,9050
764.6,8800
764.7,350
764.7,5500
765,3450
765.1,1400
765.1,3850
765.1,4150
765.1,9850
765.4,4750
765.4,7300
765.6,3050
765.7,2500
766.2,1300
766.2,1800
766.2,7250
766.3,9500
766.4,7750
766.5,2650
766.5,2750
766.5,7800
766.6,8050
766.9,1750
767.3,3900
767.4,4250
767.5,9300
767.7,2400
767.9,4000
768,1050
768,3400
768,5100
768,8350
768.1,1150
768.1,2200
768.1,3300
768.4,8600
768.5,9600
768.5,9800
768.6,4950
768.9,7900
769.1,150
769.3,5600
769.3,5750
769.3,6500
769.4,4650
769.5,3550
769.5,3650
769.6,5700
769.7,3100
770.1,650
770.1,4550
770.3,4050
770.4,1350
770.5,1850
770.6,2850
770.6,6750
770.7,7950
770.8,4200
770.8,4850
771.1,5400
771.2,3600
771.2,4500
771.3,500
771.3,7650
771.4,750
771.4,8850
771.5,4100
771.7,400
771.7,5350
772,900
772.1,9050
772.7,7850
772.7,9750
773,7400
773.3,6900
773.4,8200
773.5,2050
773.5,8650
773.8,4600
774,5650
774.3,50
774.3,7250
774.4,9200
774.6,5900
774.8,550
774.9,8400
775,2600
775.1,5850
775.4,3750
775.4,7750
775.4,8150
775.4,8550
775.5,7550
775.9,4900
775.9,8250
776.1,5250
776.3,4300
776.5,5950
776.5,8750
776.7,1250
776.9,200
776.9,850
776.9,5050
777,350
777.1,7200
777.2,5000
777.3,5450
777.4,7050
777.5,6450
777.7,1100
777.8,1750
778.3,6800
778.4,2650
778.4,4800
778.4,8800
778.5,2800
778.8,5800
778.9,9550
779,9100
779.1,8000
779.3,8450
779.3,9500
779.6,1450
779.7,5150
779.8,2400
779.9,1000
779.9,2950
779.9,4050
779.9,5200
780,2500
780,6600
780,6700
780.1,3050
780.1,4200
780.1,7000
780.2,4700
780.2,9300
780.3,3700
780.3,4350
780.3,9450
780.4,5350
780.4,6200
780.4,6300
780.6,100
780.6,2750
780.9,5650
781.1,7600
781.3,4500
781.8,1950
782,450
782.3,9700
782.4,6750
782.5,1800
783.1,8900
783.2,4450
783.4,4650
783.4,8600
783.5,9850
783.6,1050
783.7,3100
783.8,3550
783.8,4950
783.8,6650
783.9,5100
783.9,7300
783.9,8050
784.8,3650
784.9,8100
784.9,8500
784.9,9650
785.2,8700
785.6,2550
785.6,9200
785.7,1900
785.9,5700
786,4600
786,5250
786.1,7450
786.1,8750
786.2,7850
786.2,9400
786.5,50
786.8,550
786.8,7250
786.9,5500
786.9,5800
787,2300
787,2850
787,8300
787,8350
787.1,2000
787.1,7600
787.1,7650
787.1,7950
787.2,3900
787.3,2350
787.3,3150
787.4,5350
787.5,1100
787.5,5750
787.5,9250
787.6,4750
787.6,7050
787.6,9050
787.7,5650
788.2,3000
788.3,6950
788.3,7550
788.4,350
788.4,3700
788.5,1300
788.6,1000
788.6,2900
788.6,8550
788.6,9150
788.6,9800
788.7,3750
788.9,4300
789.1,4000
789.5,6700
789.6,7800
790,5600
790.1,6900
790.4,250
790.6,2050
790.9,9450
791.1,6300
791.8,0
792.1,200
792.1,7900
792.2,8400
792.4,8250
792.6,1850
792.6,5100
792.8,3600
793,5950
793.1,1150
793.1,4150
793.1,5450
793.4,4400
794,450
794,4550
794,8800
794.5,1750
794.6,8850
794.8,4850
794.8,8150
795,3400
795,6600
795.5,5850
796.4,9100
796.6,2450
796.6,7000
796.6,7950
796.7,3200
796.7,9950
796.9,8950
797,150
797.1,2800
797.2,2750
797.2,5800
797.3,500
797.3,900
797.4,5900
797.4,8000
797.4,8650
797.5,1250
797.5,5150
797.5,7700
797.6,200
797.6,1400
797.6,4450
797.6,9850
797.8,8600
798,850
798,7850
798.2,750
798.2,6750
798.4,9300
798.5,6800
798.6,2950
798.6,5000
798.7,1800
798.7,5050
798.9,3050
798.9,4950
798.9,8750
799,4000
799.2,1450
799.2,6550
799.2,9500
799.7,9350
799.8,100
800,5200
800.2,4350
800.2,6500
800.3,2150
800.3,4250
800.3,4500
800.3,9050
800.4,3650
800.4,4800
801.3,2500
801.4,50
801.4,550
801.4,4050
801.5,5950
801.6,7050
801.6,8200
801.7,8050
801.8,9250
802.3,7250
802.4,8250
802.6,7600
802.7,3850
802.7,5400
802.8,8300
802.8,9800
802.9,5650
802.9,9450
803,7650
803.1,2650
803.2,3300
803.3,6450
803.5,8550
803.6,1650
803.8,1900
803.8,8500
804.1,5350
804.1,8700
804.2,2350
804.3,350
804.3,7300
804.3,7550
804.4,2200
804.4,8450
804.5,2850
804.5,3100
804.5,7750
804.6,0
804.6,2400
804.7,6850
805,3900
805.1,200
805.2,4200
805.5,1300
805.7,600
805.8,1000
806,3750
806.2,1050
806.2,4100
806.7,5500
806.7,5700
807.3,6350
807.6,4650
807.6,4750
808,5000
808,5200
808,8800
808.2,3700
808.5,1950
808.5,8400
808.6,4600
808.6,4850
808.7,2000
808.8,8550
808.8,9600
808.9,8350
809.1,1350
809.2,6100
809.2,6400
809.4,5450
809.5,7200
809.6,3650
809.7,2750
809.7,4300
809.7,8750
809.8,1750
809.8,5800
809.8,8600
809.9,6600
810,5300
810,6150
810.4,8150
810.6,7100
811.1,6300
811.1,7050
811.2,8100
811.4,3450
811.4,6650
811.6,1600
811.7,3200
811.8,4550
812.1,2550
812.1,3850
812.2,9700
812.3,2900
812.6,50
813.1,5100
813.2,9850
813.4,4350
813.5,5350
813.9,5250
814,9050
814.4,550
814.8,5600
815,7450
815,9300
815.7,5650
816,3000
816.1,2050
816.2,450
816.2,5500
816.7,150
816.8,1450
816.9,750
816.9,1300
816.9,4150
817,400
817,7650
817.2,100
817.2,4400
817.2,7700
817.2,8900
817.3,4050
817.3,7000
817.4,1150
817.4,2150
817.4,4500
817.4,7900
817.6,6100
817.7,2500
817.7,2800
817.7,4450
817.7,9950
817.8,900
817.8,4950
817.8,9500
817.9,5750
818,3550
818,7600
818.1,2850
818.1,6550
818.2,7250
818.3,1400
818.3,2600
818.3,7050
818.4,1000
818.4,2300
818.4,3400
818.4,5900
818.7,4300
818.7,8050
818.8,0
818.8,1550
818.8,1800
818.8,3700
818.8,4800
818.9,650
819,6700
819,8000
819.1,1250
819.1,2700
819.1,5150
819.1,5800
819.1,8300
819.1,9350
819.1,9450
819.2,5950
819.3,6300
819.4,4200
819.5,3050
819.5,6950
819.5,8750
819.6,4650
819.8,5000
819.8,8400
819.9,200
819.9,1050
819.9,3300
819.9,6500
819.9,6850
819.9,7950
819.9,9550
820,6650
820,7550
820.1,1750
820.1,4000
820.2,850
820.3,2950
820.7,3600
821.6,9100
821.8,4350
821.8,8800
822,5700
822,6450
822,8550
822.1,8250
822.5,3750
822.8,2100
823.2,6800
823.2,7850
823.6,5850
823.7,9800
823.9,4250
824.2,4850
824.4,7650
824.7,3650
824.7,8350
825,7750
825.1,8700
825.4,9050
825.7,4600
825.7,8600
825.9,1000
826,6900
826.3,1700
826.4,2400
826.5,5350
826.5,8150
826.6,350
826.6,2450
826.6,7300
826.7,9250
827,1150
827.4,3700
827.5,1600
827.6,6750
827.7,600
828.1,5650
828.2,1850
828.2,2650
828.2,7450
828.3,3100
828.4,5050
828.5,5200
828.7,7250
829,4050
829.2,550
829.6,1300
829.8,1750
830,2800
830.2,2000
830.3,9450
830.4,5100
830.4,6300
830.4,7550
830.5,1100
830.5,1900
830.5,3050
830.5,6650
830.5,7800
830.6,100
830.6,5950
830.6,6350
830.6,7400
830.6,9700
830.7,1950
830.7,4100
830.9,8450
831,8850
831.1,1800
831.1,2850
831.1,5800
831.2,450
831.5,9850
831.6,1450
831.6,4300
831.6,8400
831.6,8500
831.6,8750
831.7,5700
831.8,300
831.8,6050
831.8,9400
831.8,9750
831.9,1050
831.9,4550
831.9,6600
832,50
832,2900
832,4500
832,9550
832.1,5500
832.1,6700
832.1,7950
832.1,9100
832.2,4750
832.2,8800
832.3,3600
832.3,7000
832.5,4900
832.6,7050
832.6,9500
832.8,2750
832.8,8300
832.9,4650
833,1250
833.1,5350
833.4,1400
833.4,8200
833.6,8600
833.8,2950
834.8,5000
835,150
835.1,7600
835.3,2050
835.3,9800
835.4,3700
835.7,750
836,8100
836.4,2550
836.5,8950
836.6,200
836.6,3650
836.7,5750
836.8,3900
836.9,350
837.3,3350
837.3,5900
837.4,4950
837.4,5150
837.7,7900
837.8,900
837.9,8550
838.1,3300
838.1,8050
838.2,7200
838.2,8350
838.4,5650
838.5,5450
838.5,6450
838.5,8150
838.6,850
838.6,7650
838.6,9300
838.7,4450
838.7,7700
838.8,2500
838.9,6100
839,2200
839,3200
839.1,9250
839.4,6850
839.5,4850
839.5,7300
839.8,1800
840.1,4200
840.1,9050
840.3,7850
840.7,8300
841.3,3400
841.7,6800
842.1,8800
842.4,6750
842.7,3100
842.9,1000
842.9,4000
842.9,5700
842.9,7450
843.1,6300
843.3,5950
843.4,5350
843.6,7600
843.7,4350
843.9,650
843.9,1650
843.9,8400
844,1750
844.1,1300
844.1,7550
844.2,5400
844.2,6600
844.2,9150
844.2,9850
844.3,1350
844.3,4400
844.3,9600
844.4,1450
844.4,5850
844.5,550
844.5,1150
844.5,5100
844.6,200
844.6,4600
844.6,8750
844.8,6500
844.8,8000
844.9,7250
845,1100
845,9500
845.1,500
845.1,2400
845.1,3750
845.2,4500
845.3,8250
845.4,1950
845.5,9700
845.6,450
845.8,2750
846,4750
846.1,4800
846.1,7050
846.2,5500
846.3,9450
846.5,6650
846.9,8700
847,4650
847.2,2950
847.4,9100
847.5,8600
847.7,5800
848.1,1900
848.3,3700
848.3,4300
848.7,7000
849.2,3050
849.4,5050
849.6,2650
849.6,9350
849.8,7850
849.8,9050
850,6900
850.3,50
850.3,1050
850.3,1250
850.3,1400
850.3,5200
850.4,2800
850.4,7650
850.5,4550
850.5,5000
850.5,7900
850.6,3550
850.7,7750
850.7,8150
850.8,0
850.8,4250
850.8,6550
851,1850
851,4050
851.2,2000
851.2,8350
851.3,1700
851.4,1800
851.4,7950
851.4,8200
851.5,150
851.5,5650
851.5,8100
851.6,5600
851.7,6700
851.9,2450
852.1,3400
852.2,6450
852.4,2200
852.9,100
853.1,8800
853.5,9800
853.6,8050
853.8,3200
854,1150
854.3,5100
854.3,9400
854.4,4850
854.5,4150
854.6,2850
854.6,3650
854.6,7300
854.6,8450
854.7,3000
855,3300
855,6100
855.1,8550
855.3,4400
855.6,3450
855.8,4200
855.8,8750
856,6200
856.1,3850
856.1,7600
856.2,5250
856.4,2900
856.6,8400
856.7,1750
856.7,9950
856.8,3900
856.9,4950
857,1000
857,3750
857.1,2150
857.2,2050
857.2,5800
857.2,6800
857.3,1300
857.4,500
857.4,4450
857.5,9300
857.6,4350
857.6,6300
857.7,850
857.8,4750
857.9,350
857.9,4300
858.2,5200
858.2,7550
858.4,1550
858.4,2750
858.5,7250
858.6,5700
858.6,5750
858.8,5650
859.1,6500
859.2,3050
859.2,4800
859.5,2550
859.5,9450
859.6,150
860.2,450
860.5,750
860.5,2500
861.1,200
861.1,7000
861.7,1350
861.7,3550
861.8,5350
861.8,6950
862.1,5500
862.3,9500
862.4,6750
862.4,7700
862.5,6600
862.6,3700
862.7,3650
862.7,7300
862.8,7900
862.8,8850
863.1,5900
863.4,1800
863.4,5000
863.4,8900
863.5,7850
863.5,9150
863.6,2950
863.7,1700
863.7,7050
864,5450
864.1,9000
864.3,9050
864.4,3150
864.5,6450
864.6,4650
864.7,550
864.7,1450
864.7,4500
864.9,2400
864.9,5300
864.9,7800
864.9,8350
865.1,8600
865.3,6850
865.3,8400
865.4,1600
865.4,6150
865.4,7650
865.5,2800
865.6,3600
865.7,6350
865.7,7550
866.1,6800
866.1,9100
866.2,5850
866.3,7950
866.3,8300
866.4,8000
866.5,7450
866.7,9800
866.9,7200
866.9,7750
867.3,5800
867.4,9750
867.8,3100
868.1,850
868.3,2600
868.3,4550
868.5,2750
868.9,4950
869,1050
869.2,8250
869.4,2300
869.4,2850
869.5,8050
869.6,50
869.8,250
870,4600
870.2,2700
870.2,3200
870.3,1750
870.3,8800
870.5,950
870.5,6650
870.6,8150
870.8,4250
870.8,6700
870.9,1100
870.9,5150
871,8550
871.1,1250
871.4,8650
871.6,6900
871.6,9650
871.7,2500
871.8,8500
872,8950
872.1,1400
872.7,5650
872.9,5350
872.9,8200
873,5950
873,9450
873.2,350
873.4,9850
873.8,1300
873.9,8600
874,7600
874.5,4300
874.7,100
874.7,8750
874.9,2150
874.9,4650
875,9700
875.3,1150
875.4,150
875.4,5100
875.4,9050
875.5,6300
875.5,8100
875.6,2050
875.8,7650
875.9,3850
876,750
876,5200
876,5700
876.1,6550
876.2,450
876.3,4350
876.4,2950
876.5,900
876.5,4000
876.5,6100
876.5,9250
876.7,200
876.7,2200
876.7,3650
876.7,4750
876.7,6500
876.9,2800
877,2650
877.2,8300
877.3,4050
877.6,1450
877.6,4400
877.6,8550
877.7,4500
877.7,6750
877.8,3900
877.8,5600
877.8,7450
878,4100
878.1,4600
878.2,500
878.2,1000
878.2,4850
878.3,5350
878.4,1800
878.6,7000
878.7,1650
878.9,7750
879,7250
879,8700
879.1,6450
879.2,3700
879.3,8150
879.4,1350
879.7,1850
879.7,7850
880.1,5000
880.6,4700
880.7,8400
881.2,550
881.3,7900
881.4,3050
881.4,4200
881.4,5250
881.5,2900
881.9,3300
882.5,9500
882.7,5050
882.7,8800
882.7,8900
882.8,4800
882.9,8000
883,5500
883,6600
883,7400
883,9400
883.1,7050
883.5,2100
883.7,5650
883.7,8050
883.7,9850
883.9,8350
884.2,9300
884.3,1050
884.3,3550
884.5,650
884.7,2350
884.7,7950
884.7,9100
884.9,7550
885,400
885.1,1900
885.1,7300
885.2,2000
885.5,4150
885.7,1700
885.8,5950
886,1750
886,9450
886.1,8550
886.4,4250
887.1,6850
887.1,8300
887.3,2850
887.3,5800
888,5750
888.2,7600
888.6,1300
888.7,6300
888.8,4300
888.9,0
888.9,2400
889.3,1800
889.3,6750
889.4,4950
889.4,5300
889.5,3900
889.5,7850
889.5,8600
889.9,50
889.9,3650
889.9,6650
889.9,8750
890,2050
890,4850
890.2,250
890.4,7000
890.4,9800
890.5,2750
890.5,5850
890.6,1000
890.8,4750
891,1400
891,3200
891.1,3000
891.3,8250
891.7,5350
891.7,9350
891.8,7700
892,1450
892.2,8350
893.4,7650
893.6,9600
893.8,4500
894.1,5150
894.1,5800
894.3,6950
894.5,5450
894.7,3750
894.7,4200
894.9,100
894.9,4450
895.3,6800
895.5,5700
895.5,9050
895.6,200
895.6,2500
895.6,2800
895.6,4400
895.8,2950
895.9,750
895.9,1250
895.9,1950
895.9,5200
896.1,5650
896.1,7250
896.2,9750
896.3,6450
896.3,8200
896.3,8700
896.4,7100
896.4,7450
896.5,7750
896.6,150
896.6,550
896.6,4600
896.6,5000
896.7,2600
896.7,3100
896.8,1750
896.8,5400
896.9,8550
897,5100
897,6700
897.1,2300
897.1,7050
897.1,8850
897.3,6350
897.4,350
897.4,6750
897.5,4000
897.5,4350
897.5,8050
897.6,8750
897.7,3400
897.8,9800
897.9,2200
898.1,850
898.1,3300
898.1,8800
898.1,8950
898.2,4650
898.3,5850
898.3,8400
898.5,6300
898.6,3700
898.7,1400
898.7,2450
898.9,9450
899.4,500
899.4,7650
899.4,7900
899.5,9150
899.6,9500
899.8,6500
899.9,600
899.9,7950
899.9,8600
900.1,5500
900.1,7550
900.1,9700
900.2,2000
900.3,4250
900.4,5350
900.4,7300
900.6,8150
900.7,5250
900.7,8350
900.8,1800
900.8,9250
900.9,8450
901.1,3650
902.5,4800
902.8,1000
903,3850
903,8300
903.3,3900
903.9,4550
903.9,6600
904.1,1600
904.2,900
904.2,2900
904.2,5950
904.8,5900
905.5,2850
905.7,4300
905.7,7000
905.7,9550
905.9,50
905.9,300
905.9,3050
905.9,3550
906,2350
906,2650
906,7250
906.2,3200
906.3,9050
906.3,9300
906.4,1750
906.5,8000
906.8,7850
906.8,9850
906.9,4500
907,5650
907.2,1900
907.2,7600
907.2,8250
907.5,6900
907.7,1300
907.8,1050
907.8,3700
907.9,8100
908,5800
909.1,7050
909.3,7700
909.4,1000
909.4,5100
909.4,7900
909.6,1800
909.8,5350
910.3,5250
910.3,8550
910.4,6300
910.5,6750
910.6,350
910.6,8900
911.1,1100
911.1,3100
911.1,8600
911.2,8050
911.3,5000
911.4,4050
911.4,5200
911.5,3600
911.5,8700
911.6,550
911.6,2550
911.6,2750
911.6,9100
911.8,7800
911.9,5500
912,5700
912,7300
912.4,5750
912.5,4350
912.5,9450
912.6,2200
912.6,6100
912.7,9800
912.8,1250
913.2,4950
913.3,1700
913.4,8350
913.6,200
913.6,5150
913.6,8750
913.9,7450
914,5850
914,6700
914.3,4800
914.3,7550
914.5,450
914.7,9950
914.8,8150
914.9,1750
914.9,2000
914.9,4450
914.9,4850
915,6450
915,7650
915.3,2950
915.4,1450
915.5,3200
915.8,3050
916,9300
916.6,8500
916.9,4200
917,8400
917.3,6600
917.4,5600
917.5,3300
917.5,5650
917.8,3650
918.2,4300
918.2,9850
918.5,7250
918.6,1000
918.7,8300
919,7200
919.1,3400
919.1,5350
919.2,2100
919.2,2800
919.2,9050
919.4,150
919.4,7850
919.5,850
919.5,5950
919.6,2150
919.6,2500
919.8,2050
919.8,2400
919.8,8650
919.9,1300
919.9,7000
919.9,7400
919.9,7600
920,750
920.3,3750
920.3,7800
920.4,8000
920.5,4400
920.6,5450
920.7,9250
920.7,9500
920.8,5050
920.9,1850
920.9,4500
921,100
921.1,6850
921.1,8950
921.2,1400
921.3,6500
921.3,9400
921.5,500
921.7,950
921.8,8800
922.2,7050
922.2,8350
922.3,8100
922.4,7750
922.5,3550
922.7,600
922.7,9750
923.2,1150
923.2,7650
923.6,4950
923.6,8550
923.7,8450
923.9,1800
923.9,6900
923.9,7900
924.2,5100
924.5,5800
924.6,5700
924.6,7450
924.6,7950
924.7,4650
924.7,6750
924.8,1950
924.8,3900
924.9,650
924.9,5400
925,2250
925.2,8600
925.3,2850
925.3,3000
925.3,4350
925.3,4600
925.4,4750
925.5,5200
925.5,6300
925.6,900
925.6,4450
925.6,7550
925.8,5300
926.3,3850
926.4,3700
926.5,4000
926.6,8250
926.9,1550
926.9,5900
927.1,9600
927.1,9800
927.2,1000
927.2,1750
927.2,4550
927.3,4900
927.3,5850
927.3,6650
927.3,8750
927.4,50
927.4,9450
927.5,9100
927.6,2000
927.8,1050
927.8,1650
927.8,2950
927.8,4250
927.9,1900
927.9,6200
928,8050
928.3,2750
928.3,6100
928.3,6950
928.3,7600
928.4,200
928.4,1350
928.5,3550
928.5,4300
928.5,8150
928.7,2900
929,0
929,7300
929.3,3100
929.6,8700
929.6,9050
929.7,2450
929.8,5500
929.8,6450
929.8,9550
930,2050
930.9,4200
931.1,1300
931.2,3200
931.2,5650
931.5,3050
931.7,850
931.9,350
931.9,8550
932.8,5350
932.8,6800
932.9,5450
933.2,2400
933.3,8350
933.8,7000
933.9,7250
934,1450
934.4,450
934.4,5150
934.4,8300
934.5,8400
934.7,5250
934.8,6550
934.9,550
935.1,7150
935.1,9500
935.3,7200
935.6,100
935.6,5000
935.6,9300
935.7,3650
935.7,8200
935.8,7050
935.9,3900
936,1800
936.2,7650
936.3,2650
936.3,5100
936.5,1050
936.5,1700
936.5,5950
936.5,7900
936.6,8750
936.6,8800
936.7,5800
936.7,6850
936.7,7850
936.8,1950
936.8,9400
936.9,0
936.9,5050
937,4500
937.1,1250
937.2,4800
937.2,6350
937.3,4850
937.4,6750
937.8,9050
937.9,8850
938,1600
938,5200
938.2,7700
938.3,1000
938.3,7450
938.4,6150
938.4,9850
938.5,4600
938.5,4750
938.6,3450
938.6,9450
938.8,2500
939,1300
939,6300
939,8150
939.1,750
939.2,3200
939.3,6450
940.2,2800
940.3,3300
940.5,5700
940.6,4550
941,8350
941.1,6600
941.1,6700
941.3,4200
941.3,4350
941.8,2200
941.8,5850
941.9,500
942,2850
942.1,8600
942.2,550
942.3,200
942.3,8000
942.6,900
942.6,7750
942.7,7550
942.8,7250
942.8,7600
943.1,5650
943.3,4950
943.4,8900
943.5,3400
943.5,5350
943.6,1750
944.1,450
944.1,9100
944.5,2300
944.5,9700
944.6,9800
944.7,5150
944.7,8250
944.8,6650
944.9,8700
945,50
945,3100
945,5100
945,5750
945.1,6100
945.1,7400
945.2,7950
945.3,7000
945.6,7650
945.8,2950
945.9,4300
945.9,7300
946,4650
946,7900
946.2,6500
946.4,9050
946.5,3000
947.4,4450
948.2,8050
948.3,3700
948.7,5600
948.8,8750
949.2,250
949.2,1900
949.3,350
949.6,5800
949.7,4850
949.7,6050
949.9,1800
949.9,6300
949.9,7850
950,2550
950,5950
950.1,7050
950.2,1700
950.4,8550
950.6,6900
950.7,4350
951,3050
951,3750
951,5500
951,8500
951.1,8600
951.4,100
951.6,9300
951.7,1150
951.8,3550
951.8,7450
951.9,8400
951.9,9250
952.1,9600
952.2,6950
952.3,3900
952.5,2400
952.8,1100
952.8,8450
952.8,9850
952.9,5000
953.1,1000
953.1,1050
953.1,1850
953.1,6450
953.3,5450
953.4,1650
953.4,2000
953.4,2050
953.6,3650
953.6,4800
953.6,5250
953.8,4150
954,1400
954,7650
954.1,3400
954.1,7800
954.2,2900
954.2,6800
954.4,2750
954.4,7600
954.4,7700
954.6,4400
954.7,9050
954.9,1250
954.9,5650
954.9,8300
954.9,8800
955.1,2850
955.2,5850
955.3,650
955.3,9350
955.3,9800
955.4,7550
955.5,4500
955.5,7250
955.6,3200
955.6,4550
955.6,4750
955.7,2500
955.7,7300
955.7,8950
955.8,1450
955.8,5050
955.9,2800
955.9,3300
955.9,4000
955.9,6650
955.9,9750
955.9,9950
956,6750
956,7950
956.1,2650
956.2,850
956.2,5700
956.3,7000
956.4,200
956.5,4250
956.6,8250
958.6,9150
960,1300
960,5350
960.2,500
960.3,600
960.5,5150
961.2,750
961.2,8750
961.3,1150
961.3,6500
961.5,8550
961.6,5200
961.8,1600
961.9,1750
961.9,2150
961.9,2400
961.9,4950
962,550
962,5500
962,7050
962,9450
962.1,50
962.1,3100
962.2,4900
962.2,7650
962.3,8400
962.4,3600
962.4,3700
962.6,9100
962.7,2350
962.7,6200
962.7,7900
962.7,8350
962.8,4300
962.9,1700
962.9,3300
962.9,3850
962.9,4600
963,2600
963,4200
963.1,6300
963.2,450
963.2,8200
963.3,0
963.3,8700
963.3,9950
963.5,4500
963.6,150
963.6,200
963.6,250
963.6,2700
963.6,5800
963.7,9500
964,8250
964.1,8050
964.2,6150
964.2,7750
964.2,7850
964.3,2950
964.4,4800
964.4,6600
964.6,4650
964.6,5400
964.7,1450
964.8,8100
965.1,8150
965.2,6100
966.3,3000
968.2,1800
968.3,7250
968.4,100
969.4,2050
969.5,8800
969.5,8950
969.7,1000
969.7,1950
969.7,5650
970.1,2850
970.3,5950
970.5,1350
970.5,4850
970.5,9400
970.6,5100
970.7,3050
970.7,5700
970.7,9050
970.8,5900
970.8,6800
970.8,7600
970.8,8600
970.8,9300
970.8,9800
970.9,3400
970.9,6650
970.9,7650
970.9,8850
971.1,5000
971.1,5800
971.2,2200
971.2,3900
971.2,7950
971.2,8300
971.3,9000
971.5,9750
971.6,6550
971.7,900
971.7,3750
971.8,1300
971.9,3200
971.9,6900
971.9,8900
972.2,4550
972.3,6750
972.7,7000
973,7200
973.1,6450
973.6,4950
973.7,5850
973.7,7450
973.8,1900
974.2,350
974.3,5450
974.5,8750
974.7,3650
974.7,5350
974.9,1250
974.9,8550
975.4,5600
975.7,8150
975.9,4150
976,6300
976,9150
976.1,6700
976.2,6500
976.5,4500
976.6,8400
976.6,9850
976.7,550
976.7,1450
976.7,5250
977.4,1400
977.6,1050
977.6,8000
978,7900
978.1,850
978.2,2500
978.3,3450
978.3,8500
978.4,4300
978.4,9250
978.4,9450
978.5,450
978.6,7850
978.8,8350
978.8,8650
978.9,2800
979.1,1750
979.1,2750
979.1,5500
979.2,6850
979.4,7550
979.5,4000
979.7,3700
979.7,4200
979.7,8050
979.7,8250
979.8,3100
979.8,9800
979.9,7650
980.2,5800
980.4,1350
980.4,2000
980.4,4400
980.5,7750
980.9,3550
981.1,8700
981.4,1800
981.4,7050
981.5,8600
982,3600
982.5,8750
982.6,7800
982.9,7600
983,9100
983.1,1300
983.3,2950
983.3,6100
983.5,9350
983.7,200
983.8,1000
983.8,8800
984,2850
984,9600
984.1,6900
984.2,9500
984.5,3300
984.6,4350
984.6,7400
984.8,5650
984.8,7700
984.8,9050
984.9,7300
985,3750
985.1,750
985.1,2050
985.2,650
985.2,1150
985.2,7950
985.3,3900
985.3,5200
985.6,2450
985.8,1700
985.8,2350
985.9,5950
986,5150
986.1,9550
986.3,4250
986.3,4800
986.3,6950
986.4,150
986.7,500
986.8,1850
986.8,4550
986.9,6450
987.1,7000
987.1,7250
987.2,100
987.2,550
987.2,1400
987.2,5350
987.3,350
987.3,4750
987.5,2600
987.5,5750
987.6,8200
987.7,2200
987.8,2900
987.9,3650
988,2150
988,5700
988.1,8550
988.4,3350
988.5,5000
988.5,5100
988.6,600
988.6,1050
988.6,1350
988.6,1750
988.6,3050
988.8,5450
988.8,8600
988.8,8900
988.8,9800
988.9,1800
989,3200
989.3,5850
989.4,4600
989.4,6350
989.4,8300
989.6,6650
989.7,8350
989.9,6300
990.1,1650
990.2,3400
990.2,3700
990.3,1300
990.3,4200
990.5,2400
990.6,4300
991,5800
991.1,6750
991.3,9300
991.5,2800
991.8,4100
992,7200
992,7450
992.2,4350
992.4,250
992.4,1950
992.4,3600
992.5,6800
992.5,7650
992.7,5250
992.7,5900
992.7,6550
992.8,2650
992.8,8450
992.8,8950
992.9,9700
993,4450
993.1,3550
993.2,2950
993.4,1900
993.4,4950
993.4,7800
993.4,8400
993.5,9400
993.8,8050
993.9,6600
994,4500
994.6,9250
995,9850
995.4,5750
995.4,7050
995.5,7850
995.7,6150
996.4,8850
996.6,850
996.6,4300
997.5,200
997.6,4650
997.9,5350
998,3000
998,9450
998.3,1000
998.4,7600
998.4,8300
998.5,7550
998.6,7950
998.7,150
998.8,8550
998.9,8150
999,6700
999.1,5650
999.2,2500
999.2,5400
999.3,1800
999.3,5200
999.4,4550
999.4,8750
999.5,50
999.8,8250
999.8,9050
999.9,1550
999.9,3850
999.9,9100
1000,1300
1000,4850
1000,6450